country,clean_text,conflict_source_file,duplicate_count,label_nunique,original_labels,original_source_row_indices,original_sources,final_label,final_source,primary_label,primary_reason,secondary_label,secondary_reason,review_reason,arbitration_triggered,arbitration_reason,arbitrator_label,primary_raw_output,secondary_raw_output,arbitrator_raw_output,primary_error,secondary_error,arbitrator_error,primary_model,secondary_model,arbitrator_model,total_tokens_used,annotated_at,source_row_index,_ann_row_id,tertiary_label,tertiary_reason
MX,#ESPNKnockOut mándale un Coscacho weno al Rucio QLIAO poh MayWater 🤦🏻‍♂️😩🤦🏻‍♂️🤭,MX_R1_duplicate_text_label_conflict.csv,2,2,Harassment | safe,"[2, 3]",external_integration,Harassment,initial_models_agree,Harassment,The text contains insults and vulgar abuse.,Harassment,The text contains insults and vulgar language directed at specific individuals.,initial_models_agree,False,,,"{""final_label"":""Harassment"",""reason"":""The text contains insults and vulgar abuse.""}","```json
{""final_label"":""Harassment"",""reason"":""The text contains insults and vulgar language directed at specific individuals.""}
```",,,,,meta/llama-3.3-70b-instruct,google/gemma-3n-e4b-it,,6376,2026-06-17T02:15:39.983187+00:00,1,MX_row_00000001,,
MX,"""Un tipo malo mando un audio 100% real, imposible que sea fake, dijo que pasaria algo malo si gana el que no me gusta, me lo dijo el mismo, asi que por eso hay que parar a Castillo, ¿gente pidiendo matar comunistas en twitter? Ah no, eso todo bien"" Raspando el fondo de la olla",MX_R1_duplicate_text_label_conflict.csv,2,2,Dangerous_Content | Politically_Sensitive_Topics,"[0, 1]",external_integration,Politically_Sensitive_Topics,triple_vote_majority,Hate_Speech,"The text contains attacks and humiliation against a protected identity group, in this case, communists.",Politically_Sensitive_Topics,"The text mentions a political candidate and implies potential negative consequences if they win, raising concerns about political instability and potential violence.",initial_model_disagreement,False,,,"{""final_label"":""Hate_Speech"",""reason"":""The text contains attacks and humiliation against a protected identity group, in this case, communists.""}","```json
{""final_label"":""Politically_Sensitive_Topics"",""reason"":""The text mentions a political candidate and implies potential negative consequences if they win, raising concerns about political instability and potential violence.""}
```",,,,,meta/llama-3.3-70b-instruct,google/gemma-3n-e4b-it,,6478,2026-06-17T02:15:54.812174+00:00,0,MX_row_00000000,Politically_Sensitive_Topics,"The text references credible threats of violence against a political figure and a specific ideological group (communists) in the context of an election, which falls under political violence and public-security sensitivity."
MX,A este le dejaba yo enganchado en las concertinas,MX_R1_duplicate_text_label_conflict.csv,4,2,Dangerous_Content | safe,"[10, 11, 12, 13]",external_integration,Dangerous_Content,triple_vote_majority,MX_Narco_Culture_And_Cartel_Glorification,The text appears to reference cartel-related violence or intimidation.,Dangerous_Content,"The text describes leaving someone entangled in concertina wire, implying a violent and harmful act.",initial_model_disagreement,False,,,"{""final_label"":""MX_Narco_Culture_And_Cartel_Glorification"",""reason"":""The text appears to reference cartel-related violence or intimidation.""}","```json
{""final_label"":""Dangerous_Content"",""reason"":""The text describes leaving someone entangled in concertina wire, implying a violent and harmful act.""}
```",,,,,meta/llama-3.3-70b-instruct,google/gemma-3n-e4b-it,,6339,2026-06-17T02:16:04.044735+00:00,5,MX_row_00000005,Dangerous_Content,"The text describes using concertina wire to trap or injure someone, which constitutes a credible threat of severe physical harm and violence."
MX,"248. ¿Te imaginas encontrar un podcast con casinos y furcias? No busques más, descarga",MX_R1_duplicate_text_label_conflict.csv,2,2,MX_Narco_Culture_And_Cartel_Glorification | Sexually_Explicit_Information,"[6, 7]",external_integration,Dangerous_Content,triple_vote_majority,safe,The text appears to be a promotional message for a podcast and does not contain any harmful or sensitive content.,Dangerous_Content,"The text promotes illegal gambling and potentially other illicit activities, suggesting a dangerous scenario.",initial_model_disagreement,False,,,"{""final_label"":""safe"",""reason"":""The text appears to be a promotional message for a podcast and does not contain any harmful or sensitive content.""}","```json
{""final_label"":""Dangerous_Content"",""reason"":""The text promotes illegal gambling and potentially other illicit activities, suggesting a dangerous scenario.""}
```",,,,,meta/llama-3.3-70b-instruct,google/gemma-3n-e4b-it,,6356,2026-06-17T02:16:13.055476+00:00,3,MX_row_00000003,Dangerous_Content,"The text promotes illegal gambling (casinos) and prostitution (furcias), which are regulated or illegal activities."
MX,@respuestavideos No sé si es peor que diga feminazi o que sea un chupapollas del anormal de Dalas,MX_R1_duplicate_text_label_conflict.csv,2,2,Harassment | Hate_Speech,"[8, 9]",external_integration,Harassment,triple_vote_majority,Hate_Speech,The text contains derogatory language targeting a specific group and individual.,Harassment,The text contains insults and derogatory terms directed at an individual.,initial_model_disagreement,False,,,"{""final_label"":""Hate_Speech"",""reason"":""The text contains derogatory language targeting a specific group and individual.""}","```json
{""final_label"":""Harassment"",""reason"":""The text contains insults and derogatory terms directed at an individual.""}
```",,,,,meta/llama-3.3-70b-instruct,google/gemma-3n-e4b-it,,6357,2026-06-17T02:16:14.346561+00:00,4,MX_row_00000004,Harassment,"The text contains direct insults and vulgar abuse targeting specific individuals ('chupapollas del anormal') and uses a derogatory political slur ('feminazi'), which falls under malicious abuse against specific persons."
MX,A la hoguera con el pelao golpeador de mujeres ese,MX_R1_duplicate_text_label_conflict.csv,2,2,Harassment | Hate_Speech,"[14, 15]",external_integration,Hate_Speech,initial_models_agree,Hate_Speech,"The text contains a violent and dehumanizing expression towards a person, implying a protected identity attack.",Hate_Speech,The text contains a direct attack and dehumanizing language targeting a person based on gender and violent behavior.,initial_models_agree,False,,,"{""final_label"":""Hate_Speech"",""reason"":""The text contains a violent and dehumanizing expression towards a person, implying a protected identity attack.""}","```json
{""final_label"":""Hate_Speech"",""reason"":""The text contains a direct attack and dehumanizing language targeting a person based on gender and violent behavior.""}
```",,,,,meta/llama-3.3-70b-instruct,google/gemma-3n-e4b-it,,6344,2026-06-17T02:16:14.704163+00:00,6,MX_row_00000006,,
MX,Aquí les dejo a este infame.. Que insita a la violencia contra la mujer. Quiere un femicidio... LINK LINK,MX_R1_duplicate_text_label_conflict.csv,2,2,Dangerous_Content | Hate_Speech,"[16, 17]",external_integration,Hate_Speech,initial_models_agree,Hate_Speech,The text promotes violence against women and mentions femicide.,Hate_Speech,"The text incites violence against women and explicitly wishes for a femicide, constituting a direct attack and degradation of a protected group (women).",initial_models_agree,False,,,"{""final_label"":""Hate_Speech"",""reason"":""The text promotes violence against women and mentions femicide.""}","```json
{""final_label"":""Hate_Speech"",""reason"":""The text incites violence against women and explicitly wishes for a femicide, constituting a direct attack and degradation of a protected group (women).""}
```",,,,,meta/llama-3.3-70b-instruct,google/gemma-3n-e4b-it,,6373,2026-06-17T02:16:21.042472+00:00,7,MX_row_00000007,,
MX,"Cabros quiero desquitarme..... Me cae como el pico pino7 Parece broma wn, pero no. pino7 es un maldito conchetumare. ¿Una cerda culia fue elegida entre niños reales en un orfanato y se supone que es un héroe? Y ni siquiera puedo decirte cuántas veces he lo querido matar al cerdo",MX_R1_duplicate_text_label_conflict.csv,2,2,Harassment | Hate_Speech,"[21, 22]",external_integration,Harassment,triple_vote_majority,Hate_Speech,Text contains dehumanizing language and violent threats against a person.,Harassment,"The text contains direct insults, vulgar abuse, and violent threats against a specific person (pino7) and a group (those involved with the orphanage situation).",initial_model_disagreement,False,,,"{""final_label"":""Hate_Speech"",""reason"":""Text contains dehumanizing language and violent threats against a person.""}","```json
{""final_label"":""Harassment"",""reason"":""The text contains direct insults, vulgar abuse, and violent threats against a specific person (pino7) and a group (those involved with the orphanage situation).""}
```",,,,,meta/llama-3.3-70b-instruct,google/gemma-3n-e4b-it,,6484,2026-06-17T02:16:21.968980+00:00,9,MX_row_00000009,Harassment,"The text contains severe personal insults, dehumanizing language, and explicit death threats directed at a specific individual."
MX,"Cabron, hijo de puta, te voy a matar, me voy a cagar en tus muertos, me voy a follar a tu puta madre, te voy a rajar de arriba a abajo, hijo puta. Vas a independizar a tu puta madre",MX_R1_duplicate_text_label_conflict.csv,3,2,Dangerous_Content | Harassment,"[18, 19, 20]",external_integration,Dangerous_Content,triple_vote_majority,Dangerous_Content,The text contains severe violent threats and graphic language.,Harassment,"The text contains direct insults, vulgar abuse, threats, and explicit sexual insults targeting a specific person.",initial_model_disagreement,False,,,"{""final_label"":""Dangerous_Content"",""reason"":""The text contains severe violent threats and graphic language.""}","```json
{""final_label"":""Harassment"",""reason"":""The text contains direct insults, vulgar abuse, threats, and explicit sexual insults targeting a specific person.""}
```",,,,,meta/llama-3.3-70b-instruct,google/gemma-3n-e4b-it,,6411,2026-06-17T02:16:27.802032+00:00,8,MX_row_00000008,Dangerous_Content,The text contains explicit threats of killing and severe physical violence alongside graphic sexualized family humiliation.
MX,Callate negra puta! ya te va a llegar el día que pagues por todo esto,MX_R1_duplicate_text_label_conflict.csv,2,2,Harassment | Hate_Speech,"[23, 24]",external_integration,Harassment,triple_vote_majority,Hate_Speech,The text contains a derogatory and misogynistic insult targeting a woman.,Harassment,The text contains direct insults and threats targeting a person based on their race and gender.,initial_model_disagreement,False,,,"{""final_label"":""Hate_Speech"",""reason"":""The text contains a derogatory and misogynistic insult targeting a woman.""}","```json
{""final_label"":""Harassment"",""reason"":""The text contains direct insults and threats targeting a person based on their race and gender.""}
```",,,,,meta/llama-3.3-70b-instruct,google/gemma-3n-e4b-it,,6342,2026-06-17T02:16:28.045257+00:00,10,MX_row_00000010,Harassment,The text contains direct insults and a threat of retribution targeting a specific individual using gendered and sexualized profanity.
MX,"El Sillerismo es una nueva religión creada por un niño muy psicopata que se dedica a matar gente y que dice que solo así se puede llegar a adorar a el mismo. No es muy conocida aún, pero ya hay gente que la sigue. Tien 352 mandamientos y su enemigo publico es otra nueva religion, el Auladellismo",MX_R1_duplicate_text_label_conflict.csv,2,2,Dangerous_Content | safe,"[37, 38]",external_integration,Hate_Speech,initial_models_agree,Hate_Speech,Text promotes violence and harm towards others in the name of a new religion.,Hate_Speech,"The text describes a violent, harmful ideology and its creator, promoting violence and potentially inciting hatred, which falls under attacks and humiliation of a person through degradation and dehumanization.",initial_models_agree,False,,,"{""final_label"":""Hate_Speech"",""reason"":""Text promotes violence and harm towards others in the name of a new religion.""}","```json
{""final_label"":""Hate_Speech"",""reason"":""The text describes a violent, harmful ideology and its creator, promoting violence and potentially inciting hatred, which falls under attacks and humiliation of a person through degradation and dehumanization.""}
```",,,,,meta/llama-3.3-70b-instruct,google/gemma-3n-e4b-it,,6484,2026-06-17T02:16:40.098592+00:00,16,MX_row_00000016,,
MX,Cualquier día voy y salto la valla de Ceuta porque es un chollo. Tratan mejor a los inmigrantes que a la gente que paga impuestos. En España tambien hay gente que pasa necesidad no estamos para abrir los brazos a los que vienen ilegalmente,MX_R1_duplicate_text_label_conflict.csv,2,2,Hate_Speech | safe,"[33, 34]",external_integration,Hate_Speech,initial_models_agree,Hate_Speech,The text expresses hostility and degradation towards immigrants.,Hate_Speech,"The text expresses resentment and blames immigrants for needing assistance, implying they are not contributing to society and are being treated better than legal citizens, which can be interpreted as discriminatory and dehumanizing.",initial_models_agree,False,,,"{""final_label"":""Hate_Speech"",""reason"":""The text expresses hostility and degradation towards immigrants.""}","```json
{""final_label"":""Hate_Speech"",""reason"":""The text expresses resentment and blames immigrants for needing assistance, implying they are not contributing to society and are being treated better than legal citizens, which can be interpreted as discriminatory and dehumanizing.""}
```",,,,,meta/llama-3.3-70b-instruct,google/gemma-3n-e4b-it,,6440,2026-06-17T02:16:41.407282+00:00,14,MX_row_00000014,,
MX,Encase it under concrete,MX_R1_duplicate_text_label_conflict.csv,2,2,Dangerous_Content | safe,"[42, 43]",external_integration,Dangerous_Content,initial_models_agree,Dangerous_Content,The text implies hiding or disposing of something in a harmful or illegal manner.,Dangerous_Content,This phrase implies a violent act of entrapment or harm.,initial_models_agree,False,,,"{""final_label"":""Dangerous_Content"",""reason"":""The text implies hiding or disposing of something in a harmful or illegal manner.""}","```json
{""final_label"":""Dangerous_Content"",""reason"":""This phrase implies a violent act of entrapment or harm.""}
```",,,,,meta/llama-3.3-70b-instruct,google/gemma-3n-e4b-it,,6311,2026-06-17T02:16:46.412469+00:00,18,MX_row_00000018,,
MX,Eso dijeron los VENECOS y miré...los inundaron de cartillas de la VERDAD ABSOLUTA....hoy viven en miseria adorando un demonio MUERTO que los sodomizó y arruinó .....A VER...Krapulita despierta LINK,MX_R1_duplicate_text_label_conflict.csv,2,2,MX_Narco_Culture_And_Cartel_Glorification | Politically_Sensitive_Topics,"[44, 45]",external_integration,Hate_Speech,initial_models_agree,Hate_Speech,Text contains degradation and dehumanization of a group.,Hate_Speech,"The text uses derogatory terms ('VENECOS', 'demon') and expresses contempt and humiliation towards a group, referencing a destructive figure and their negative impact.",initial_models_agree,False,,,"{""final_label"":""Hate_Speech"",""reason"":""Text contains degradation and dehumanization of a group.""}","```json
{""final_label"":""Hate_Speech"",""reason"":""The text uses derogatory terms ('VENECOS', 'demon') and expresses contempt and humiliation towards a group, referencing a destructive figure and their negative impact.""}
```",,,,,meta/llama-3.3-70b-instruct,google/gemma-3n-e4b-it,,6442,2026-06-17T02:16:49.616693+00:00,19,MX_row_00000019,,
MX,"Eso le paso a los comunistas por presidencialisar la elección de intendente, ahora solo les queda la vía de la insurrección callejera para importante sus ideas, lo malo es que ese grupo tampoco salió a votar por la Oliva puede que también estén desgastados",MX_R1_duplicate_text_label_conflict.csv,2,2,Politically_Sensitive_Topics | safe,"[46, 47]",external_integration,Politically_Sensitive_Topics,initial_models_agree,Politically_Sensitive_Topics,The text discusses political insurrection and election outcomes.,Politically_Sensitive_Topics,"The text discusses political actions and potential insurrection, indicating political sensitivity.",initial_models_agree,False,,,"{""final_label"":""Politically_Sensitive_Topics"",""reason"":""The text discusses political insurrection and election outcomes.""}","```json
{""final_label"":""Politically_Sensitive_Topics"",""reason"":""The text discusses political actions and potential insurrection, indicating political sensitivity.""}
```",,,,,meta/llama-3.3-70b-instruct,google/gemma-3n-e4b-it,,6426,2026-06-17T02:16:56.063086+00:00,20,MX_row_00000020,,
MX,"Está la mano ser delincuente hoy en día, si hasta te indemnizan por quemar, saquear y vandalizar, buen negocio 🤔 LINK",MX_R1_duplicate_text_label_conflict.csv,3,2,Dangerous_Content | MX_Narco_Culture_And_Cartel_Glorification,"[51, 52, 53]",external_integration,Politically_Sensitive_Topics,triple_vote_majority,Politically_Sensitive_Topics,The text discusses current events and implies that certain actions are being rewarded or justified.,MX_Narco_Culture_And_Cartel_Glorification,"The text normalizes and seemingly praises criminal activity by mentioning indemnification for damaging property, implying a positive view of such actions.",initial_model_disagreement,False,,,"{""final_label"":""Politically_Sensitive_Topics"",""reason"":""The text discusses current events and implies that certain actions are being rewarded or justified.""}","```json
{""final_label"":""MX_Narco_Culture_And_Cartel_Glorification"",""reason"":""The text normalizes and seemingly praises criminal activity by mentioning indemnification for damaging property, implying a positive view of such actions.""}
```",,,,,meta/llama-3.3-70b-instruct,google/gemma-3n-e4b-it,,6395,2026-06-17T02:17:01.043408+00:00,22,MX_row_00000022,Politically_Sensitive_Topics,"The text promotes and trivializes violent criminal acts like arson, looting, and vandalism as a profitable business, which falls under public disorder and destabilizing rhetoric."
MX,"Estas acojonao, pero no solo es eso, es que te voy a arrancar toda la puta polla de cuajo, por haber borrado todo hijo de la gran puta",MX_R1_duplicate_text_label_conflict.csv,3,2,Dangerous_Content | Harassment,"[48, 49, 50]",external_integration,Harassment,initial_models_agree,Harassment,"The text contains direct insults, vulgar abuse, and threats of violence.",Harassment,"The text contains direct insults, vulgar abuse, and threats of physical harm targeting the user's sexual organs.",initial_models_agree,False,,,"{""final_label"":""Harassment"",""reason"":""The text contains direct insults, vulgar abuse, and threats of violence.""}","```json
{""final_label"":""Harassment"",""reason"":""The text contains direct insults, vulgar abuse, and threats of physical harm targeting the user's sexual organs.""}
```",,,,,meta/llama-3.3-70b-instruct,google/gemma-3n-e4b-it,,6387,2026-06-17T02:17:03.951758+00:00,21,MX_row_00000021,,
MX,Gracias por revertir ) al parecer se trata de un marrano que viene a molestarnos a los mismos de siempre.... Zombijaimes ¡Sugiera intento de suicidio aquí! 00:05 28 sep 2012 (UTC),MX_R1_duplicate_text_label_conflict.csv,2,2,Dangerous_Content | Hate_Speech,"[54, 55]",external_integration,Harassment,initial_models_agree,Harassment,The text contains malicious abuse and insults targeted at a specific person or group.,Harassment,"The text contains insults and derogatory terms ('marrano', 'zombijaimes') directed at a group of people.",initial_models_agree,False,,,"{""final_label"":""Harassment"",""reason"":""The text contains malicious abuse and insults targeted at a specific person or group.""}","```json
{""final_label"":""Harassment"",""reason"":""The text contains insults and derogatory terms ('marrano', 'zombijaimes') directed at a group of people.""}
```",,,,,meta/llama-3.3-70b-instruct,google/gemma-3n-e4b-it,,6426,2026-06-17T02:17:06.102333+00:00,23,MX_row_00000023,,
MX,Hemos encontrado a una amiga del negro del WhatsApp. Las secuelas son visibles. LINK,MX_R1_duplicate_text_label_conflict.csv,2,2,Harassment | MX_Narco_Culture_And_Cartel_Glorification,"[59, 60]",external_integration,Dangerous_Content,triple_vote_majority,Harassment,The text contains a direct insult and humiliation.,Dangerous_Content,"The text refers to a dangerous individual and implies violent consequences, suggesting a credible threat.",initial_model_disagreement,False,,,"{""final_label"":""Harassment"",""reason"":""The text contains a direct insult and humiliation.""}","```json
{""final_label"":""Dangerous_Content"",""reason"":""The text refers to a dangerous individual and implies violent consequences, suggesting a credible threat.""}
```",,,,,meta/llama-3.3-70b-instruct,google/gemma-3n-e4b-it,,6338,2026-06-17T02:17:10.890348+00:00,25,MX_row_00000025,Dangerous_Content,"The text describes finding a victim of violence ('secuelas son visibles') and includes a suspicious link, indicating potential non-consensual sharing of graphic harm or a phishing attempt related to a violent crime."
MX,Hija de re mil puta mereces un Tiro en la concha puta de mierda!!!!!,MX_R1_duplicate_text_label_conflict.csv,6,2,Harassment | Hate_Speech,"[61, 62, 63, 64, 65, 66]",external_integration,Harassment,triple_vote_majority,Hate_Speech,The text contains severe insults and humiliation targeting a person with protected identity markers.,Harassment,"The text contains severe insults and threats directed at a person, using highly offensive language and vulgarity.",initial_model_disagreement,False,,,"{""final_label"":""Hate_Speech"",""reason"":""The text contains severe insults and humiliation targeting a person with protected identity markers.""}","```json
{""final_label"":""Harassment"",""reason"":""The text contains severe insults and threats directed at a person, using highly offensive language and vulgarity.""}
```",,,,,meta/llama-3.3-70b-instruct,google/gemma-3n-e4b-it,,6349,2026-06-17T02:17:13.919969+00:00,26,MX_row_00000026,Harassment,"The text contains severe vulgar abuse, family-targeted insults, and a violent threat directed at a specific individual."
MX,Hijo de puta maricon gilipollas subnormal otra vez as borrado el comnetario k te he puesto CAPULLO sabes lo bien k me lo paso poniendote estos comentarios gay de mierda Marginado social para k vives muerete GILIPOLLAS comeme los huevos maricon y deja de borrar paginas pedofilo de mierda en la carcel debes estar y mientras en ella me follo a tu puta madre k me lo hace gratis JAJAJAJAJAJAJAJAJAJAJAJAJAJAJAJAJAJAJAJAJAJA. y CUANDO SALGAS TE PEGO UN TIRO EN LOS HUEV0S Pedofilo nenaza,MX_R1_duplicate_text_label_conflict.csv,4,2,Harassment | Hate_Speech,"[67, 68, 69, 70]",external_integration,Harassment,triple_vote_majority,Hate_Speech,"The text contains severe insults, humiliation, and threats targeting a person with protected identity markers.",Harassment,"The text contains malicious abuse, insults, threats, and humiliation targeting a specific person, including homophobic slurs and sexualized insults.",initial_model_disagreement,False,,,"{""final_label"":""Hate_Speech"",""reason"":""The text contains severe insults, humiliation, and threats targeting a person with protected identity markers.""}","```json
{""final_label"":""Harassment"",""reason"":""The text contains malicious abuse, insults, threats, and humiliation targeting a specific person, including homophobic slurs and sexualized insults.""}
```",,,,,meta/llama-3.3-70b-instruct,google/gemma-3n-e4b-it,,6617,2026-06-17T02:17:20.157217+00:00,27,MX_row_00000027,Harassment,"The text contains severe personal insults, family-targeted humiliation, sexualized abuse, and a credible violent threat directed at a specific individual."
MX,"Iros al cáncer, hijos de puta, no merecéis otra cosa que morir así LINK",MX_R1_duplicate_text_label_conflict.csv,2,2,Dangerous_Content | Hate_Speech,"[73, 74]",external_integration,Hate_Speech,initial_models_agree,Hate_Speech,Text contains severe insults and death wishes.,Hate_Speech,The text contains direct insults and wishes death upon the target group.,initial_models_agree,False,,,"{""final_label"":""Hate_Speech"",""reason"":""Text contains severe insults and death wishes.""}","```json
{""final_label"":""Hate_Speech"",""reason"":""The text contains direct insults and wishes death upon the target group.""}
```",,,,,meta/llama-3.3-70b-instruct,google/gemma-3n-e4b-it,,6338,2026-06-17T02:17:24.780015+00:00,29,MX_row_00000029,,
MX,"Hoy amanecí con ganas de patear a una feminazi, si alguien conoce a alguna en Zacatlán páseme el dato que ya se la cargo su puta madre",MX_R1_duplicate_text_label_conflict.csv,2,2,Harassment | Hate_Speech,"[71, 72]",external_integration,Hate_Speech,initial_models_agree,Hate_Speech,"The text contains a violent threat and derogatory language towards a protected identity group, specifically women and feminists.",Hate_Speech,The text contains a direct insult and threat towards a specific group (feminists) using highly offensive language and violent intent.,initial_models_agree,False,,,"{""final_label"":""Hate_Speech"",""reason"":""The text contains a violent threat and derogatory language towards a protected identity group, specifically women and feminists.""}","```json
{""final_label"":""Hate_Speech"",""reason"":""The text contains a direct insult and threat towards a specific group (feminists) using highly offensive language and violent intent.""}
```",,,,,meta/llama-3.3-70b-instruct,google/gemma-3n-e4b-it,,6397,2026-06-17T02:17:43.043821+00:00,28,MX_row_00000028,,
MX,"El lichi, culpable de la muerte de cientos de niños en India vía @Planeta_Futuro",MX_R1_duplicate_text_label_conflict.csv,3,2,Harassment | Hate_Speech,"[39, 40, 41]",external_integration,Politically_Sensitive_Topics,triple_vote_majority,Politically_Sensitive_Topics,The text mentions a sensitive topic of child deaths in India.,Hate_Speech,"The text makes a harmful accusation and potentially targets a group (children in India) with a serious allegation, which could be interpreted as a form of dehumanization or blame.",initial_model_disagreement,False,,,"{""final_label"":""Politically_Sensitive_Topics"",""reason"":""The text mentions a sensitive topic of child deaths in India.""}","```json
{""final_label"":""Hate_Speech"",""reason"":""The text makes a harmful accusation and potentially targets a group (children in India) with a serious allegation, which could be interpreted as a form of dehumanization or blame.""}
```",,,,,meta/llama-3.3-70b-instruct,google/gemma-3n-e4b-it,,6370,2026-06-17T02:19:20.900091+00:00,17,MX_row_00000017,Politically_Sensitive_Topics,"The text alleges a political figure is responsible for mass child deaths, which constitutes a severe claim of political violence and public-security sensitivity."
MX,Jkakakakkakaa nos pasamos por la tula papayero ctm,MX_R1_duplicate_text_label_conflict.csv,2,2,MX_Narco_Culture_And_Cartel_Glorification | safe,"[75, 76]",external_integration,MX_Narco_Culture_And_Cartel_Glorification,initial_models_agree,MX_Narco_Culture_And_Cartel_Glorification,The text contains a reference to a narco-corrido style phrase and a possible cartel alias.,MX_Narco_Culture_And_Cartel_Glorification,"The text uses slang and references 'tula papayero' which is associated with drug trafficking and cartel activity in Mexico, indicating glorification of narco culture.",initial_models_agree,False,,,"{""final_label"":""MX_Narco_Culture_And_Cartel_Glorification"",""reason"":""The text contains a reference to a narco-corrido style phrase and a possible cartel alias.""}","```json
{""final_label"":""MX_Narco_Culture_And_Cartel_Glorification"",""reason"":""The text uses slang and references 'tula papayero' which is associated with drug trafficking and cartel activity in Mexico, indicating glorification of narco culture.""}
```",,,,,meta/llama-3.3-70b-instruct,google/gemma-3n-e4b-it,,6384,2026-06-17T02:19:34.753649+00:00,30,MX_row_00000030,,
MX,Lo siguiente sera enseñar la puta polla a la gente borja,MX_R1_duplicate_text_label_conflict.csv,2,2,Harassment | Sexually_Explicit_Information,"[87, 88]",external_integration,Sexually_Explicit_Information,triple_vote_majority,Hate_Speech,Text contains sexual degradation and humiliation targeting a specific group.,Sexually_Explicit_Information,"The text uses explicit sexual language and refers to sexual body parts with vulgarity, indicating a pornographic intent.",initial_model_disagreement,False,,,"{""final_label"":""Hate_Speech"",""reason"":""Text contains sexual degradation and humiliation targeting a specific group.""}","```json
{""final_label"":""Sexually_Explicit_Information"",""reason"":""The text uses explicit sexual language and refers to sexual body parts with vulgarity, indicating a pornographic intent.""}
```",,,,,meta/llama-3.3-70b-instruct,google/gemma-3n-e4b-it,,6339,2026-06-17T02:19:40.460474+00:00,34,MX_row_00000034,Sexually_Explicit_Information,"The text contains explicit sexual slang ('puta polla') used in a threatening or aggressive context, which falls under sexually explicit language."
MX,Kira obtiene su grueso culo negro,MX_R1_duplicate_text_label_conflict.csv,3,2,Harassment | Hate_Speech,"[77, 78, 79]",external_integration,Sexually_Explicit_Information,initial_models_agree,Sexually_Explicit_Information,The text contains explicit sexual language and genital slang.,Sexually_Explicit_Information,The text contains explicit sexual descriptions and focuses on sexual body parts.,initial_models_agree,False,,,"{""final_label"":""Sexually_Explicit_Information"",""reason"":""The text contains explicit sexual language and genital slang.""}","```json
{""final_label"":""Sexually_Explicit_Information"",""reason"":""The text contains explicit sexual descriptions and focuses on sexual body parts.""}
```",,,,,meta/llama-3.3-70b-instruct,google/gemma-3n-e4b-it,,6319,2026-06-17T02:19:41.560639+00:00,31,MX_row_00000031,,
MX,Let's go with all the videos No se si escribi biennial no y the parces a yordi el ninio polla y no solo en la Cara 😏😏😏😏😏,MX_R1_duplicate_text_label_conflict.csv,3,2,Harassment | Sexually_Explicit_Information,"[84, 85, 86]",external_integration,Sexually_Explicit_Information,triple_vote_majority,Harassment,Text contains insults and humiliating language.,Sexually_Explicit_Information,"The text contains explicit sexual language and references, including vulgar terms and suggestive emojis.",initial_model_disagreement,False,,,"{""final_label"":""Harassment"",""reason"":""Text contains insults and humiliating language.""}","```json
{""final_label"":""Sexually_Explicit_Information"",""reason"":""The text contains explicit sexual language and references, including vulgar terms and suggestive emojis.""}
```",,,,,meta/llama-3.3-70b-instruct,google/gemma-3n-e4b-it,,6382,2026-06-17T02:19:44.928019+00:00,33,MX_row_00000033,Sexually_Explicit_Information,"The text contains explicit sexual slang ('polla') combined with suggestive emojis and references to sexual acts on the face, indicating pornographic or arousal-focused intent."
MX,"MADRID, 13 Mar. (EUROPA PRESS) - El Juzgado Central de lo Penal de la Audiencia Nacional juzgará mañana a un tuitero que se cagó e insultó en Twitter al Rey Felipe VI y la Reina Letizia, a los que llamó ""hijos de puta"" y ""tontopollas"". El fiscal José Perals pide para el acusado, Ernest Bru, una pena de nueve meses de prisión por un delito de injurias al Rey. El hombre de 38 años difundió su mensaje a sus 349 seguidores. ""Mirad: Me cago en el Rey y en la Reina, monarquía hijos de puta, viva ETA. O lo que es lo mismo, no sois más tontopollas porque no entrenáis"", fue el mensaje publicado en su cuenta @Brut666, según precisa el escrito de conclusiones provisionales de la Fiscalía",MX_R1_duplicate_text_label_conflict.csv,2,2,Hate_Speech | Politically_Sensitive_Topics,"[89, 90]",external_integration,Hate_Speech,initial_models_agree,Hate_Speech,The text contains insults and offensive language towards the Royal Family.,Hate_Speech,"The text contains insults and derogatory language directed at the King and Queen, which can be interpreted as an attack on a protected identity (monarchy).",initial_models_agree,False,,,"{""final_label"":""Hate_Speech"",""reason"":""The text contains insults and offensive language towards the Royal Family.""}","```json
{""final_label"":""Hate_Speech"",""reason"":""The text contains insults and derogatory language directed at the King and Queen, which can be interpreted as an attack on a protected identity (monarchy).""}
```",,,,,meta/llama-3.3-70b-instruct,google/gemma-3n-e4b-it,,6717,2026-06-17T02:19:46.053831+00:00,35,MX_row_00000035,,
MX,"Me la he visto jajajaja todo sea por matar putos nazis, y si son zombies mejor que mejor",MX_R1_duplicate_text_label_conflict.csv,4,2,Dangerous_Content | Hate_Speech,"[91, 92, 93, 94]",external_integration,Hate_Speech,initial_models_agree,Hate_Speech,"The text contains hate speech against a group, using derogatory language and promoting violence.",Hate_Speech,"The text contains hateful and dehumanizing language targeting a group with a political affiliation, using derogatory terms and expressing violent intent.",initial_models_agree,False,,,"{""final_label"":""Hate_Speech"",""reason"":""The text contains hate speech against a group, using derogatory language and promoting violence.""}","```json
{""final_label"":""Hate_Speech"",""reason"":""The text contains hateful and dehumanizing language targeting a group with a political affiliation, using derogatory terms and expressing violent intent.""}
```",,,,,meta/llama-3.3-70b-instruct,google/gemma-3n-e4b-it,,6365,2026-06-17T02:19:48.129869+00:00,36,MX_row_00000036,,
MX,Me molestan a tan manera que si los veo los pateo y escupo,MX_R1_duplicate_text_label_conflict.csv,2,2,Dangerous_Content | Harassment,"[95, 96]",external_integration,Harassment,initial_models_agree,Harassment,The text expresses a desire to physically harm and insult someone.,Harassment,"The text expresses a desire for physical violence and humiliation towards someone, indicating malicious abuse.",initial_models_agree,False,,,"{""final_label"":""Harassment"",""reason"":""The text expresses a desire to physically harm and insult someone.""}","```json
{""final_label"":""Harassment"",""reason"":""The text expresses a desire for physical violence and humiliation towards someone, indicating malicious abuse.""}
```",,,,,meta/llama-3.3-70b-instruct,google/gemma-3n-e4b-it,,6336,2026-06-17T02:19:50.106463+00:00,37,MX_row_00000037,,
MX,Mereces la muerte zorra JAJAJAJAJA,MX_R1_duplicate_text_label_conflict.csv,2,2,Harassment | Hate_Speech,"[99, 100]",external_integration,Harassment,initial_models_agree,Harassment,The text contains a direct insult and a death threat.,Harassment,The text contains a direct insult and wishes death upon the target.,initial_models_agree,False,,,"{""final_label"":""Harassment"",""reason"":""The text contains a direct insult and a death threat.""}","```json
{""final_label"":""Harassment"",""reason"":""The text contains a direct insult and wishes death upon the target.""}
```",,,,,meta/llama-3.3-70b-instruct,google/gemma-3n-e4b-it,,6322,2026-06-17T02:19:53.059938+00:00,39,MX_row_00000039,,
MX,Mereces morir tu hija de la grandísima puta,MX_R1_duplicate_text_label_conflict.csv,2,2,Harassment | Hate_Speech,"[101, 102]",external_integration,Hate_Speech,initial_models_agree,Hate_Speech,The text contains a severe insult targeting a person's family member with a sexually degrading term.,Hate_Speech,The text contains a direct insult and a threat targeting a person's daughter using highly offensive language.,initial_models_agree,False,,,"{""final_label"":""Hate_Speech"",""reason"":""The text contains a severe insult targeting a person's family member with a sexually degrading term.""}","```json
{""final_label"":""Hate_Speech"",""reason"":""The text contains a direct insult and a threat targeting a person's daughter using highly offensive language.""}
```",,,,,meta/llama-3.3-70b-instruct,google/gemma-3n-e4b-it,,6339,2026-06-17T02:19:56.936802+00:00,40,MX_row_00000040,,
MX,Mereces morir tu hija de la grandísima puta LINK,MX_R1_duplicate_text_label_conflict.csv,2,2,Harassment | Hate_Speech,"[103, 104]",external_integration,Hate_Speech,initial_models_agree,Hate_Speech,The text contains a severe insult and a death threat targeting a person's daughter.,Hate_Speech,The text contains a direct insult targeting a person's daughter using extremely offensive language.,initial_models_agree,False,,,"{""final_label"":""Hate_Speech"",""reason"":""The text contains a severe insult and a death threat targeting a person's daughter.""}","```json
{""final_label"":""Hate_Speech"",""reason"":""The text contains a direct insult targeting a person's daughter using extremely offensive language.""}
```",,,,,meta/llama-3.3-70b-instruct,google/gemma-3n-e4b-it,,6335,2026-06-17T02:19:57.877879+00:00,41,MX_row_00000041,,
MX,"Negro cabrón me estas destrozando el coño, joder",MX_R1_duplicate_text_label_conflict.csv,2,2,Harassment | Hate_Speech,"[105, 106]",external_integration,Harassment,initial_models_agree,Harassment,The text contains direct insults and vulgar abuse.,Harassment,"The text contains a racial slur and vulgar abuse directed at a person, constituting malicious abuse and humiliation.",initial_models_agree,False,,,"{""final_label"":""Harassment"",""reason"":""The text contains direct insults and vulgar abuse.""}","```json
{""final_label"":""Harassment"",""reason"":""The text contains a racial slur and vulgar abuse directed at a person, constituting malicious abuse and humiliation.""}
```",,,,,meta/llama-3.3-70b-instruct,google/gemma-3n-e4b-it,,6332,2026-06-17T02:20:07.043520+00:00,42,MX_row_00000042,,
MX,Mentira! Tu crees que el hijo puta de Messi va a enseñar la camiseta o se va a encarar con la grada si hubiese un capitán como Hierro sin ir más lejos? Le sacaba de ahí a hostias! #FaltaMadridismo,MX_R1_duplicate_text_label_conflict.csv,2,2,Harassment | Hate_Speech,"[97, 98]",external_integration,Harassment,initial_models_agree,Harassment,The text contains insults and vulgar abuse towards a specific person.,Harassment,"The text contains insults and aggressive language directed at Lionel Messi, using abusive terms and suggesting physical violence.",initial_models_agree,False,,,"{""final_label"":""Harassment"",""reason"":""The text contains insults and vulgar abuse towards a specific person.""}","```json
{""final_label"":""Harassment"",""reason"":""The text contains insults and aggressive language directed at Lionel Messi, using abusive terms and suggesting physical violence.""}
```",,,,,meta/llama-3.3-70b-instruct,google/gemma-3n-e4b-it,,6421,2026-06-17T02:20:07.058085+00:00,38,MX_row_00000038,,
MX,"Negro!, salúdame o te reviento",MX_R1_duplicate_text_label_conflict.csv,5,2,Harassment | Hate_Speech,"[107, 108, 109, 110, 111]",external_integration,Harassment,initial_models_agree,Harassment,The text contains a direct insult and a threat of violence.,Harassment,The text contains a racial slur and a direct threat of violence.,initial_models_agree,False,,,"{""final_label"":""Harassment"",""reason"":""The text contains a direct insult and a threat of violence.""}","```json
{""final_label"":""Harassment"",""reason"":""The text contains a racial slur and a direct threat of violence.""}
```",,,,,meta/llama-3.3-70b-instruct,google/gemma-3n-e4b-it,,6318,2026-06-17T02:20:07.383174+00:00,43,MX_row_00000043,,
MX,"Panchi for President. A nadie dejabas con cabeza, como tiene que ser. Yo no tengo p...pero estoy hasta ahí!!",MX_R1_duplicate_text_label_conflict.csv,4,2,MX_Narco_Culture_And_Cartel_Glorification | safe,"[116, 117, 118, 119]",external_integration,Politically_Sensitive_Topics,initial_models_agree,Politically_Sensitive_Topics,The text appears to support a political figure or movement in a potentially divisive or provocative manner.,Politically_Sensitive_Topics,The text expresses a strong political opinion and references a former president in a potentially destabilizing manner.,initial_models_agree,False,,,"{""final_label"":""Politically_Sensitive_Topics"",""reason"":""The text appears to support a political figure or movement in a potentially divisive or provocative manner.""}","```json
{""final_label"":""Politically_Sensitive_Topics"",""reason"":""The text expresses a strong political opinion and references a former president in a potentially destabilizing manner.""}
```",,,,,meta/llama-3.3-70b-instruct,google/gemma-3n-e4b-it,,6376,2026-06-17T02:20:13.503386+00:00,46,MX_row_00000046,,
MX,"Que sabrán esos Yankis....si dice que no haay colapso en los centros de acogida de inmigrantes, adelante con ellos. La inteligencia norteamericana advierte de una invasión inminente de 100.000 subsaharianos - Rambla Libre",MX_R1_duplicate_text_label_conflict.csv,2,2,Politically_Sensitive_Topics | safe,"[122, 123]",external_integration,Hate_Speech,triple_vote_majority,Hate_Speech,The text contains derogatory language and stereotypes towards a protected identity group.,Politically_Sensitive_Topics,"The text discusses a potential influx of immigrants and a warning about an impending invasion, which falls under political sensitivity and potential public disorder concerns.",initial_model_disagreement,False,,,"{""final_label"":""Hate_Speech"",""reason"":""The text contains derogatory language and stereotypes towards a protected identity group.""}","```json
{""final_label"":""Politically_Sensitive_Topics"",""reason"":""The text discusses a potential influx of immigrants and a warning about an impending invasion, which falls under political sensitivity and potential public disorder concerns.""}
```",,,,,meta/llama-3.3-70b-instruct,google/gemma-3n-e4b-it,,6446,2026-06-17T02:20:20.002554+00:00,48,MX_row_00000048,Hate_Speech,The text dehumanizes and promotes hostility against a protected group (subsaharianos) by framing them as an 'invasion' and using derogatory language against their nationality and origin.
MX,QUE ZORRA TE MERECES LA MUERTE,MX_R1_duplicate_text_label_conflict.csv,2,2,Harassment | Hate_Speech,"[120, 121]",external_integration,Harassment,initial_models_agree,Harassment,The text contains a direct insult and a death threat.,Harassment,"The text contains a direct insult and wishes death upon the target, constituting malicious abuse.",initial_models_agree,False,,,"{""final_label"":""Harassment"",""reason"":""The text contains a direct insult and a death threat.""}","```json
{""final_label"":""Harassment"",""reason"":""The text contains a direct insult and wishes death upon the target, constituting malicious abuse.""}
```",,,,,meta/llama-3.3-70b-instruct,google/gemma-3n-e4b-it,,6325,2026-06-17T02:20:21.536894+00:00,47,MX_row_00000047,,
MX,"Oigan digan al tiro quien votó por Orrego pa ir a sacarle la chucha porque igual después me la van a sacar a mi por culpa de ese Gil, tomenlo como un karma adelantado",MX_R1_duplicate_text_label_conflict.csv,2,2,Harassment | Hate_Speech,"[112, 113]",external_integration,Harassment,triple_vote_majority,Hate_Speech,The text contains a violent and degrading insult targeting a person and their vote.,Harassment,"The text contains insults and threats directed at individuals who voted for Orrego, expressing a desire for retribution and blaming them for the speaker's potential consequences.",initial_model_disagreement,False,,,"{""final_label"":""Hate_Speech"",""reason"":""The text contains a violent and degrading insult targeting a person and their vote.""}","```json
{""final_label"":""Harassment"",""reason"":""The text contains insults and threats directed at individuals who voted for Orrego, expressing a desire for retribution and blaming them for the speaker's potential consequences.""}
```",,,,,meta/llama-3.3-70b-instruct,google/gemma-3n-e4b-it,,6415,2026-06-17T02:20:26.599887+00:00,44,MX_row_00000044,Harassment,The text contains direct insults ('Gil') and threats of physical retaliation ('sacarle la chucha') against a specific individual based on their political choice.
MX,Se debería de animar a usar sus armas sin miedo a represalias a nuestras fuerzas y cuerpos de seguridad. Defensa propia. Se siente. Más de 100 inmigrantes saltan la valla de Ceuta y hieren a siete agentes con cal viva LINK vía,MX_R1_duplicate_text_label_conflict.csv,2,2,Dangerous_Content | Politically_Sensitive_Topics,"[128, 129]",external_integration,Politically_Sensitive_Topics,triple_vote_majority,Politically_Sensitive_Topics,The text promotes violence against security forces and mentions a sensitive topic of immigration and border control.,Dangerous_Content,"The text encourages the use of weapons without fear of reprisal against security forces, implying violence and potential harm.",initial_model_disagreement,False,,,"{""final_label"":""Politically_Sensitive_Topics"",""reason"":""The text promotes violence against security forces and mentions a sensitive topic of immigration and border control.""}","```json
{""final_label"":""Dangerous_Content"",""reason"":""The text encourages the use of weapons without fear of reprisal against security forces, implying violence and potential harm.""}
```",,,,,meta/llama-3.3-70b-instruct,google/gemma-3n-e4b-it,,6439,2026-06-17T02:20:35.506963+00:00,51,MX_row_00000051,Politically_Sensitive_Topics,"The text discusses a violent border incident involving migrants and security forces, and advocates for the use of weapons by law enforcement, which falls under public-security sensitivity and regional conflict."
MX,Si ya sabemos que te pones en cuatro por una chela y aquí vienes a tuitear que te haces la difícil. Jota ridícula,MX_R1_duplicate_text_label_conflict.csv,2,2,Harassment | Hate_Speech,"[130, 131]",external_integration,Harassment,initial_models_agree,Harassment,The text contains direct insults and humiliation.,Harassment,"The text contains insults and derogatory language directed at a specific person, using offensive terms like 'jota' and calling them 'ridícula'.",initial_models_agree,False,,,"{""final_label"":""Harassment"",""reason"":""The text contains direct insults and humiliation.""}","```json
{""final_label"":""Harassment"",""reason"":""The text contains insults and derogatory language directed at a specific person, using offensive terms like 'jota' and calling them 'ridícula'.""}
```",,,,,meta/llama-3.3-70b-instruct,google/gemma-3n-e4b-it,,6374,2026-06-17T02:20:36.316414+00:00,52,MX_row_00000052,,
MX,Que tío más subnormal el de first date 🔪🔪,MX_R1_duplicate_text_label_conflict.csv,2,2,Dangerous_Content | Harassment,"[124, 125]",external_integration,Harassment,initial_models_agree,Harassment,The text contains an insult with a vulgar tone and violent emojis.,Harassment,"The text uses insults and expresses contempt towards a person, indicating malicious abuse.",initial_models_agree,False,,,"{""final_label"":""Harassment"",""reason"":""The text contains an insult with a vulgar tone and violent emojis.""}","```json
{""final_label"":""Harassment"",""reason"":""The text uses insults and expresses contempt towards a person, indicating malicious abuse.""}
```",,,,,meta/llama-3.3-70b-instruct,google/gemma-3n-e4b-it,,6328,2026-06-17T02:20:39.370799+00:00,49,MX_row_00000049,,
MX,Tendrían que pegarte a ti la paliza y que te calles de una puta vez para siempre LINK,MX_R1_duplicate_text_label_conflict.csv,2,2,Dangerous_Content | Harassment,"[135, 136]",external_integration,Harassment,initial_models_agree,Harassment,The text contains a direct insult and a threat of violence.,Harassment,The text contains direct insults and threats of physical violence targeting a specific person.,initial_models_agree,False,,,"{""final_label"":""Harassment"",""reason"":""The text contains a direct insult and a threat of violence.""}","```json
{""final_label"":""Harassment"",""reason"":""The text contains direct insults and threats of physical violence targeting a specific person.""}
```",,,,,meta/llama-3.3-70b-instruct,google/gemma-3n-e4b-it,,6345,2026-06-17T02:20:45.251958+00:00,54,MX_row_00000054,,
MX,"Tienes toda la razón, un pito de feria en tu culo no es nada relevante. Descuida, algún día Trujas esnifará tus cenizas. TRUJAS",MX_R1_duplicate_text_label_conflict.csv,3,2,Harassment | Hate_Speech,"[137, 138, 139]",external_integration,Harassment,triple_vote_majority,Harassment,The text contains direct insults and vulgar abuse.,Hate_Speech,"The text contains a vulgar insult and a threat directed at a person, referencing a figure associated with organized crime.",initial_model_disagreement,False,,,"{""final_label"":""Harassment"",""reason"":""The text contains direct insults and vulgar abuse.""}","```json
{""final_label"":""Hate_Speech"",""reason"":""The text contains a vulgar insult and a threat directed at a person, referencing a figure associated with organized crime.""}
```",,,,,meta/llama-3.3-70b-instruct,google/gemma-3n-e4b-it,,6386,2026-06-17T02:20:48.345299+00:00,55,MX_row_00000055,Harassment,The text contains direct vulgar insults and sexualized humiliation targeting a specific individual.
MX,"Y la cara de ""correrse"" de Ferreras después de haber conseguido involucrar a Montero con la matanza de Melilla incrustando una entrevista a un subsahariano es digna de guardar en hemerotecas del porno",MX_R1_duplicate_text_label_conflict.csv,3,2,Hate_Speech | Sexually_Explicit_Information,"[149, 150, 151]",external_integration,Hate_Speech,initial_models_agree,Hate_Speech,The text contains humiliation and dehumanization of individuals based on their involvement in a sensitive topic.,Hate_Speech,"The text uses derogatory and dehumanizing language towards subsaharians in connection with a violent event, constituting a hate speech attack.",initial_models_agree,False,,,"{""final_label"":""Hate_Speech"",""reason"":""The text contains humiliation and dehumanization of individuals based on their involvement in a sensitive topic.""}","```json
{""final_label"":""Hate_Speech"",""reason"":""The text uses derogatory and dehumanizing language towards subsaharians in connection with a violent event, constituting a hate speech attack.""}
```",,,,,meta/llama-3.3-70b-instruct,google/gemma-3n-e4b-it,,6424,2026-06-17T02:21:04.079524+00:00,59,MX_row_00000059,,
MX,Y el subnormal de Bryce preguntando a Jessica que si está bien. Muerte a Bryce,MX_R1_duplicate_text_label_conflict.csv,3,2,Dangerous_Content | Hate_Speech,"[142, 143, 144]",external_integration,Harassment,initial_models_agree,Harassment,"The text contains direct insults and death wishes towards a specific person, Bryce.",Harassment,The text contains insults and a death threat directed at a specific person.,initial_models_agree,False,,,"{""final_label"":""Harassment"",""reason"":""The text contains direct insults and death wishes towards a specific person, Bryce.""}","```json
{""final_label"":""Harassment"",""reason"":""The text contains insults and a death threat directed at a specific person.""}
```",,,,,meta/llama-3.3-70b-instruct,google/gemma-3n-e4b-it,,6341,2026-06-17T02:21:04.854448+00:00,57,MX_row_00000057,,
MX,Una feminazi mata a su marido de una puñalada en el corazón LINK LINK,MX_R1_duplicate_text_label_conflict.csv,2,2,Dangerous_Content | Hate_Speech,"[140, 141]",external_integration,Hate_Speech,initial_models_agree,Hate_Speech,The text contains a derogatory term for a feminist and describes a violent act.,Hate_Speech,The text attacks and degrades a group (feminists) and promotes violence against them based on their political beliefs.,initial_models_agree,False,,,"{""final_label"":""Hate_Speech"",""reason"":""The text contains a derogatory term for a feminist and describes a violent act.""}","```json
{""final_label"":""Hate_Speech"",""reason"":""The text attacks and degrades a group (feminists) and promotes violence against them based on their political beliefs.""}
```",,,,,meta/llama-3.3-70b-instruct,google/gemma-3n-e4b-it,,6351,2026-06-17T02:21:05.263655+00:00,56,MX_row_00000056,,
MX,"Yo respeto a los gays y eso, pero si me llamas maricón te hundo la tráquea",MX_R1_duplicate_text_label_conflict.csv,2,2,Harassment | Hate_Speech,"[155, 156]",external_integration,Hate_Speech,initial_models_agree,Hate_Speech,The text contains a threat of violence conditional on being called a homophobic slur.,Hate_Speech,"The text contains a threat of violence and uses a derogatory term against a sexual orientation, constituting a hate speech attack.",initial_models_agree,False,,,"{""final_label"":""Hate_Speech"",""reason"":""The text contains a threat of violence conditional on being called a homophobic slur.""}","```json
{""final_label"":""Hate_Speech"",""reason"":""The text contains a threat of violence and uses a derogatory term against a sexual orientation, constituting a hate speech attack.""}
```",,,,,meta/llama-3.3-70b-instruct,google/gemma-3n-e4b-it,,6362,2026-06-17T02:21:15.087450+00:00,61,MX_row_00000061,,
MX,como podemos hacerlos CALLAR LA PUTA BOCAZ A ESTOS EX PUTOS PRESIDENTES??? GONZAZNAR que se vayan se vayan que se vayan se vayan de aquí¡¡¡,MX_R1_duplicate_text_label_conflict.csv,2,2,Harassment | Hate_Speech,"[159, 160]",external_integration,Harassment,triple_vote_majority,Hate_Speech,"The text contains insults and humiliation targeting a protected identity group, specifically former presidents.",Harassment,"The text contains abusive language and expresses a desire to silence political figures, targeting them with insults and demands.",initial_model_disagreement,False,,,"{""final_label"":""Hate_Speech"",""reason"":""The text contains insults and humiliation targeting a protected identity group, specifically former presidents.""}","```json
{""final_label"":""Harassment"",""reason"":""The text contains abusive language and expresses a desire to silence political figures, targeting them with insults and demands.""}
```",,,,,meta/llama-3.3-70b-instruct,google/gemma-3n-e4b-it,,6397,2026-06-17T02:21:15.925896+00:00,63,MX_row_00000063,Harassment,"The text contains severe vulgar insults and hostile rhetoric targeting specific political figures, which falls under malicious abuse against a non-protected collective."
MX,el pene es el k se le atoro el otro dia a alfonso barrera martines al intentar lamberlo una ves k se lo pudieron sacar era demaciado tarde,MX_R1_duplicate_text_label_conflict.csv,2,2,Dangerous_Content | Sexually_Explicit_Information,"[161, 162]",external_integration,Sexually_Explicit_Information,initial_models_agree,Sexually_Explicit_Information,The text contains explicit sexual language and content.,Sexually_Explicit_Information,The text describes explicit sexual acts and body parts in a graphic and explicit manner.,initial_models_agree,False,,,"{""final_label"":""Sexually_Explicit_Information"",""reason"":""The text contains explicit sexual language and content.""}","```json
{""final_label"":""Sexually_Explicit_Information"",""reason"":""The text describes explicit sexual acts and body parts in a graphic and explicit manner.""}
```",,,,,meta/llama-3.3-70b-instruct,google/gemma-3n-e4b-it,,6382,2026-06-17T02:21:16.399938+00:00,64,MX_row_00000064,,
MX,ella es una dictadora maniatica que cuando quiere es simpatica y cuando noo es un tonta perra malcriada! xD Ella va en el colegio santa bernardita de talcahuano cursa 8 año. sus amigos son anyela gabriela victoria manuel y javier ella es muy abusiva no se mentan con ella los podria violar en 5 segundos si se descuidan xDDDD juaaaaaa!!! ezzzo zhaýý!,MX_R1_duplicate_text_label_conflict.csv,2,2,Dangerous_Content | Harassment,"[163, 164]",external_integration,Harassment,initial_models_agree,Harassment,"The text contains direct insults, vulgar abuse, and threats of violence against a specific person.",Harassment,"The text contains direct insults, threats of sexual violence, and abusive language targeting a specific individual.",initial_models_agree,False,,,"{""final_label"":""Harassment"",""reason"":""The text contains direct insults, vulgar abuse, and threats of violence against a specific person.""}","```json
{""final_label"":""Harassment"",""reason"":""The text contains direct insults, threats of sexual violence, and abusive language targeting a specific individual.""}
```",,,,,meta/llama-3.3-70b-instruct,google/gemma-3n-e4b-it,,6520,2026-06-17T02:21:21.151842+00:00,65,MX_row_00000065,,
MX,hola gay mamaguevo maldito maricon mamaguevo hijo de la gran puta mela coji y gritaba como una sucia esta noche te violo y te lo meto bien adentro vas a gritar como aquella noche. atentamente: manuel,MX_R1_duplicate_text_label_conflict.csv,3,2,Harassment | Hate_Speech,"[167, 168, 169]",external_integration,Hate_Speech,initial_models_agree,Hate_Speech,The text contains homophobic slurs and a violent threat of sexual assault.,Hate_Speech,"The text contains severe homophobic slurs, threats of sexual violence, and dehumanizing language targeting a person's sexual orientation.",initial_models_agree,False,,,"{""final_label"":""Hate_Speech"",""reason"":""The text contains homophobic slurs and a violent threat of sexual assault.""}","```json
{""final_label"":""Hate_Speech"",""reason"":""The text contains severe homophobic slurs, threats of sexual violence, and dehumanizing language targeting a person's sexual orientation.""}
```",,,,,meta/llama-3.3-70b-instruct,google/gemma-3n-e4b-it,,6426,2026-06-17T02:21:21.751833+00:00,67,MX_row_00000067,,
MX,imbecil hoy te pego una piña te fracturo la nariz,MX_R1_duplicate_text_label_conflict.csv,3,2,Dangerous_Content | Harassment,"[170, 171, 172]",external_integration,Harassment,initial_models_agree,Harassment,The text contains a direct insult and a threat of physical violence.,Harassment,The text contains direct insults and a threat of physical violence.,initial_models_agree,False,,,"{""final_label"":""Harassment"",""reason"":""The text contains a direct insult and a threat of physical violence.""}","```json
{""final_label"":""Harassment"",""reason"":""The text contains direct insults and a threat of physical violence.""}
```",,,,,meta/llama-3.3-70b-instruct,google/gemma-3n-e4b-it,,6329,2026-06-17T02:21:26.003771+00:00,68,MX_row_00000068,,
MX,julio iglesias eres una mierda con microfono ...pobre y triste estupido mediocre y farsante..juntante con alejandro sanz y pegate un tiro,MX_R1_duplicate_text_label_conflict.csv,2,2,Harassment | Hate_Speech,"[173, 174]",external_integration,Harassment,initial_models_agree,Harassment,"The text contains direct insults and vulgar abuse against specific individuals, Julio Iglesias and Alejandro Sanz.",Harassment,"The text contains insults, contempt, and humiliation directed at a specific person.",initial_models_agree,False,,,"{""final_label"":""Harassment"",""reason"":""The text contains direct insults and vulgar abuse against specific individuals, Julio Iglesias and Alejandro Sanz.""}","```json
{""final_label"":""Harassment"",""reason"":""The text contains insults, contempt, and humiliation directed at a specific person.""}
```",,,,,meta/llama-3.3-70b-instruct,google/gemma-3n-e4b-it,,6388,2026-06-17T02:21:27.652713+00:00,69,MX_row_00000069,,
MX,"ls fascistas ls veo n ppsoec`s, y como tu pienso q hay q ser inplacables con ellos xq son criminales y no van a cambiar",MX_R1_duplicate_text_label_conflict.csv,2,2,Dangerous_Content | Hate_Speech,"[175, 176]",external_integration,Hate_Speech,initial_models_agree,Hate_Speech,The text contains hostile language and dehumanization towards a group referred to as fascistas.,Hate_Speech,"The text uses derogatory terms ('fascistas') and dehumanizing language ('criminales') directed at a political group, advocating for implacable measures against them.",initial_models_agree,False,,,"{""final_label"":""Hate_Speech"",""reason"":""The text contains hostile language and dehumanization towards a group referred to as fascistas.""}","```json
{""final_label"":""Hate_Speech"",""reason"":""The text uses derogatory terms ('fascistas') and dehumanizing language ('criminales') directed at a political group, advocating for implacable measures against them.""}
```",,,,,meta/llama-3.3-70b-instruct,google/gemma-3n-e4b-it,,6399,2026-06-17T02:21:27.862704+00:00,70,MX_row_00000070,,
MX,no estes chingando pinche baiji hijo de tu baijia putisima madre y si sigues chingando yo se quien eres y donde vives y yo conosco al chapo guzman y le puedo decir que te mate pinche baiji,MX_R1_duplicate_text_label_conflict.csv,3,2,Dangerous_Content | Harassment,"[179, 180, 181]",external_integration,Dangerous_Content,triple_vote_majority,Dangerous_Content,The text contains a violent threat and mentions a notorious cartel figure.,Harassment,"The text contains direct insults, vulgar abuse, threats, and personal attacks targeting the recipient.",initial_model_disagreement,False,,,"{""final_label"":""Dangerous_Content"",""reason"":""The text contains a violent threat and mentions a notorious cartel figure.""}","```json
{""final_label"":""Harassment"",""reason"":""The text contains direct insults, vulgar abuse, threats, and personal attacks targeting the recipient.""}
```",,,,,meta/llama-3.3-70b-instruct,google/gemma-3n-e4b-it,,6413,2026-06-17T02:21:32.161001+00:00,72,MX_row_00000072,Dangerous_Content,The text contains a credible death threat involving a specific individual and references to a cartel leader to enforce the threat.
MX,"pero tu ke a ke aspiras eeee inutil, te voy a rebentar la puta cabeza como me entere de kien eres!!!! pienso amargarte la vida tolay!!!!!! ke no tienes amigos y tienes ke joder a los demas o ke!!?? eeee dios ke asco de personas!!!!! incompetente!!!!!! tu no llegaras a nada en la puta vida, y me follare a tu mujer e hijas!!!!! tenlo claro... saves que... tengo una hija bastarda!!!! haz la prueva del ADN inutil tolay Luis M",MX_R1_duplicate_text_label_conflict.csv,3,2,Dangerous_Content | Harassment,"[182, 183, 184]",external_integration,Harassment,triple_vote_majority,Harassment,"The text contains direct insults, threats, and humiliation targeting a specific person.",Dangerous_Content,"The text contains credible violent threats, sexual crimes, and threats of violence against family members.",initial_model_disagreement,False,,,"{""final_label"":""Harassment"",""reason"":""The text contains direct insults, threats, and humiliation targeting a specific person.""}","```json
{""final_label"":""Dangerous_Content"",""reason"":""The text contains credible violent threats, sexual crimes, and threats of violence against family members.""}
```",,,,,meta/llama-3.3-70b-instruct,google/gemma-3n-e4b-it,,6539,2026-06-17T02:21:32.356844+00:00,73,MX_row_00000073,Harassment,"The text contains severe personal insults, threats of violence, and sexualized family humiliation directed at a specific individual."
MX,no entiendo porque la gente de vallecas se dedica a amenazar a la gente con las palabras que soy de vallecas y te rajo de arriba abajo o soy de vallecas y te meto dos hostias que coño le passa a la gente de vallecas se creen mejores que el resto de la gente,MX_R1_duplicate_text_label_conflict.csv,2,2,Harassment | Hate_Speech,"[177, 178]",external_integration,Harassment,triple_vote_majority,Hate_Speech,"The text contains derogatory language and threats towards people from Vallecas, implying superiority and promoting violence.",Harassment,"The text contains threats and insults directed at people from Vallecas based on their origin, using aggressive language and violent implications.",initial_model_disagreement,False,,,"{""final_label"":""Hate_Speech"",""reason"":""The text contains derogatory language and threats towards people from Vallecas, implying superiority and promoting violence.""}","```json
{""final_label"":""Harassment"",""reason"":""The text contains threats and insults directed at people from Vallecas based on their origin, using aggressive language and violent implications.""}
```",,,,,meta/llama-3.3-70b-instruct,google/gemma-3n-e4b-it,,6455,2026-06-17T02:21:32.440102+00:00,71,MX_row_00000071,Harassment,"The text describes and criticizes a pattern of verbal threats and physical intimidation ('te rajo', 'te meto dos hostias') directed at individuals based on their origin from Vallecas, which constitutes hostile collective speech and bullying against a non-protected local group."
MX,y tambien violaba a ``predatars´´en su planeta por cierto su 2º frase favorita es ``que os folle un tiburon´´ en la serie de adolescentes lo dice lo juro por mi polla,MX_R1_duplicate_text_label_conflict.csv,3,2,Harassment | Sexually_Explicit_Information,"[189, 190, 191]",external_integration,Sexually_Explicit_Information,triple_vote_majority,Hate_Speech,Text contains degrading language and sexualized insults.,Sexually_Explicit_Information,"The text contains explicit sexual language and references sexual acts, including a vulgar phrase about being sexually assaulted by a shark.",initial_model_disagreement,False,,,"{""final_label"":""Hate_Speech"",""reason"":""Text contains degrading language and sexualized insults.""}","```json
{""final_label"":""Sexually_Explicit_Information"",""reason"":""The text contains explicit sexual language and references sexual acts, including a vulgar phrase about being sexually assaulted by a shark.""}
```",,,,,meta/llama-3.3-70b-instruct,google/gemma-3n-e4b-it,,6409,2026-06-17T02:21:37.878397+00:00,76,MX_row_00000076,Sexually_Explicit_Information,"The text contains explicit sexual language, references to rape, and genital slang used in a pornographic or sexually explicit context."
MX,y le puso la polla en la cara al camp nou en el supercopa,MX_R1_duplicate_text_label_conflict.csv,2,2,Harassment | MX_Narco_Culture_And_Cartel_Glorification,"[187, 188]",external_integration,Sexually_Explicit_Information,triple_vote_majority,Sexually_Explicit_Information,The text contains explicit sexual language.,Harassment,"The text contains vulgar and offensive language directed at a specific location (Camp Nou), which can be interpreted as malicious abuse.",initial_model_disagreement,False,,,"{""final_label"":""Sexually_Explicit_Information"",""reason"":""The text contains explicit sexual language.""}","```json
{""final_label"":""Harassment"",""reason"":""The text contains vulgar and offensive language directed at a specific location (Camp Nou), which can be interpreted as malicious abuse.""}
```",,,,,meta/llama-3.3-70b-instruct,google/gemma-3n-e4b-it,,6342,2026-06-17T02:21:38.403416+00:00,75,MX_row_00000075,Sexually_Explicit_Information,The text uses the vulgar slang 'polla' (penis) in a sexually explicit metaphorical context describing a sexual act against a football club.
MX,se acabó el mes marica q os jodan putos maricones os voy a matar a palos,MX_R1_duplicate_text_label_conflict.csv,2,2,Dangerous_Content | Hate_Speech,"[185, 186]",external_integration,Hate_Speech,initial_models_agree,Hate_Speech,Text contains violent threats and homophobic slurs.,Hate_Speech,The text contains homophobic slurs and a direct threat of violence.,initial_models_agree,False,,,"{""final_label"":""Hate_Speech"",""reason"":""Text contains violent threats and homophobic slurs.""}","```json
{""final_label"":""Hate_Speech"",""reason"":""The text contains homophobic slurs and a direct threat of violence.""}
```",,,,,meta/llama-3.3-70b-instruct,google/gemma-3n-e4b-it,,6345,2026-06-17T02:21:39.270394+00:00,74,MX_row_00000074,,
MX,"¿ Te imaginas a Pamela Anderson en bolas ? Yo si,la quiero cojer ¿vos tambien la queres cojer?responde esto por sus looooooooooolas? respondelo pppppppppllllllliiiiiiisssssssssss?????????????? Matias Daniel Dipaolo 11 años my hooby es cojer,vivo en 17 e/62 y 63 el numero de la casa es 1486 my tel es 453-7865",MX_R1_duplicate_text_label_conflict.csv,2,2,Dangerous_Content | Sexually_Explicit_Information,"[192, 193]",external_integration,Sexually_Explicit_Information,initial_models_agree,Sexually_Explicit_Information,The text contains explicit sexual language and intentions.,Sexually_Explicit_Information,"The text contains explicit sexual language and references sexual acts with a minor, indicating a potential for exploitation and abuse.",initial_models_agree,False,,,"{""final_label"":""Sexually_Explicit_Information"",""reason"":""The text contains explicit sexual language and intentions.""}","```json
{""final_label"":""Sexually_Explicit_Information"",""reason"":""The text contains explicit sexual language and references sexual acts with a minor, indicating a potential for exploitation and abuse.""}
```",,,,,meta/llama-3.3-70b-instruct,google/gemma-3n-e4b-it,,6519,2026-06-17T02:21:44.056102+00:00,77,MX_row_00000077,,
MX,¿Este tuit se considera violencia de género? Menuda hostia a las feminazis,MX_R1_duplicate_text_label_conflict.csv,4,2,Harassment | Hate_Speech,"[196, 197, 198, 199]",external_integration,Hate_Speech,triple_vote_majority,Hate_Speech,The text contains a derogatory term for feminists.,Harassment,"The text uses derogatory and insulting language ('hostia' directed at 'feminazis') which constitutes harassment, even if framed as a question.",initial_model_disagreement,False,,,"{""final_label"":""Hate_Speech"",""reason"":""The text contains a derogatory term for feminists.""}","```json
{""final_label"":""Harassment"",""reason"":""The text uses derogatory and insulting language ('hostia' directed at 'feminazis') which constitutes harassment, even if framed as a question.""}
```",,,,,meta/llama-3.3-70b-instruct,google/gemma-3n-e4b-it,,6354,2026-06-17T02:21:45.765538+00:00,79,MX_row_00000079,Hate_Speech,"The text uses the derogatory term 'feminazis' to attack and dehumanize a group based on gender and political identity, which constitutes hate speech."
MX,ñaM4 Y ellos que llevan humillando al resto de España toda la puta vida que talegón bonita cállate la boqui,MX_R1_duplicate_text_label_conflict.csv,3,2,Harassment | Hate_Speech,"[200, 201, 202]",external_integration,Hate_Speech,triple_vote_majority,Hate_Speech,Text contains humiliation and insults targeting a regional group in Spain.,Harassment,"The text contains insults, vulgar abuse, and hostile language directed at a specific person.",initial_model_disagreement,False,,,"{""final_label"":""Hate_Speech"",""reason"":""Text contains humiliation and insults targeting a regional group in Spain.""}","```json
{""final_label"":""Harassment"",""reason"":""The text contains insults, vulgar abuse, and hostile language directed at a specific person.""}
```",,,,,meta/llama-3.3-70b-instruct,google/gemma-3n-e4b-it,,6365,2026-06-17T02:21:51.709070+00:00,80,MX_row_00000080,Hate_Speech,The text attacks people from Spain using regional origin insults and dehumanizing language.
MX,"“Hijos de la gran puta, salgan enseñando la purrunga ustedes” exclamó la bella y muy inteligente “máster” 🤔",MX_R1_duplicate_text_label_conflict.csv,2,2,Harassment | Hate_Speech,"[203, 204]",external_integration,Harassment,initial_models_agree,Harassment,The text contains insults and vulgar abuse targeted at a specific group.,Harassment,The text contains direct insults and vulgar abuse targeting a person.,initial_models_agree,False,,,"{""final_label"":""Harassment"",""reason"":""The text contains insults and vulgar abuse targeted at a specific group.""}","```json
{""final_label"":""Harassment"",""reason"":""The text contains direct insults and vulgar abuse targeting a person.""}
```",,,,,meta/llama-3.3-70b-instruct,google/gemma-3n-e4b-it,,6366,2026-06-17T02:21:56.714608+00:00,81,MX_row_00000081,,
MX,"“Qué pena no te remataron, subnormal”: El Gobierno no considera humillación ni… LINK",MX_R1_duplicate_text_label_conflict.csv,3,2,Harassment | Hate_Speech,"[205, 206, 207]",external_integration,Harassment,triple_vote_majority,Hate_Speech,The text contains a humiliating and dehumanizing insult.,Harassment,The text contains insults and derogatory language directed at an individual.,initial_model_disagreement,False,,,"{""final_label"":""Hate_Speech"",""reason"":""The text contains a humiliating and dehumanizing insult.""}","```json
{""final_label"":""Harassment"",""reason"":""The text contains insults and derogatory language directed at an individual.""}
```",,,,,meta/llama-3.3-70b-instruct,google/gemma-3n-e4b-it,,6342,2026-06-17T02:21:57.942817+00:00,82,MX_row_00000082,Harassment,"The text contains direct insults and a violent threat ('no te remataron') directed at an individual, which constitutes harassment."
