_ann_row_id,country_source,clean_text,final_label,bert_training_decision,is_hardcase,reasoning
SA_row_00000010,SA,1 هيدي شافت تاريخ المذكرة . يا رب نيزك على أصناف مدعي مهنة الإعلام,Harassment,include_with_label,Yes,Hostile wish/curse against media professionals; hyperbolic but abusive.
SA_row_00000027,SA,Mustafa Burak لا مو اني مقبطه للاخرين ويكلك اذا طال عليك السفر فعليك بنكاح الذكر 😂😂,Sexually_Explicit_Information,include_with_label,Yes,Explicit same-sex sexual euphemism/joke; not positive LGBTQ normalization.
SA_row_00000031,SA,mohammed انت مثل أمامك عمر بن العرص الي طلع عورته امام الإمام علي عليه السلام في معركة صفين ليتخلص من سيف ذو الفقار خخخخخخخخحححح كس امك يا ابن جهاد النكاح,SA_Religious_Violation,include_with_label,Yes,Vulgar mockery involving Islamic historical/religious figures (Imam Ali); local redline.
SA_row_00000038,SA,"إن الاعتداءات الجنسية ""سلوك مقبول"" وندعو المواطنين إلى ""ترك القيم الأخلاقية",Dangerous_Content,include_with_label,Yes,Explicitly promoting sexual assault as acceptable behavior; severe harm.
SA_row_00000050,SA,اقصفوهايا حزم ماذاتنظرون ولانكم لاتقوون الاعلى الاطفال والنساء اما بجيش بمثلكم تركعون له,Dangerous_Content,include_with_label,Yes,Imperative call to bomb/attack in a military context; credible threat.
SA_row_00000053,SA,البككه العميله كانت لتفخر لو انها قامت بهذا العمل،،دخلوا مناطق الدواعش وعبروا الحدود وقتلوا علجا وخطفوا اخر وانسحبوا ،، اشباح !!!!,SA_State_Security_Royalty,include_with_label,Yes,Severe criticism of Saudi state/military operations using derogatory terms; local redline.
SA_row_00000058,SA,الحمدلله الذي بنعمته تتم الصالحات لقد فرحا شدیدا بقتل ابن فرعون هشام برکات عبدالسیسی وعلی کل مسلم أن یفرح بقتل الفراعنة ومن لا یفرح فلیراجع إيمانه,Dangerous_Content,include_with_label,Yes,Celebrates killing and incites violence against a group labeled as 'pharaohs'.
SA_row_00000060,SA,السي ابي عاصي منوره البنت هذي تسحر كل تقي وزاهد وعاصي . سحرتيني ما احلاكي شو مهضومه هههه بالبناني احلو يامهضومه ههههههههههههههههههههههههه,safe,include_with_label,Yes,Playful dialectal compliment/flirtation; models over-read harassment signals.
SA_row_00000072,SA,اللهمّ أوقد حربا بين الكفّار شرقا وغربا واجعل بأسهم بينهم ورد كيدهم في نحورهم واحفظ المسلمين. دعاءنا في رمضان سواء نشر أم لا,Hate_Speech,include_with_label,Yes,Prayer for war/harm against a religious outgroup (non-believers).
SA_row_00000071,SA,اللهم لا تبلغنا رمضان حتى نرى العلويون المجرمون القتله ، و علي براء منهم ، اذلاء و مربطيين تحت اقدام المجاهديين يا رب .. أمين,Hate_Speech,include_with_label,Yes,Sectarian degradation and humiliation toward Alawites; protected group attack.
SA_row_00000076,SA,المشكله ان البنات اللي هنا خولات وعاملين بنات وهم ولاد يا متناكين يا ولاد المتناكه بنات بس اللي تيجي يا شراميط #معصيتى_راحتي,Hate_Speech,include_with_label,Yes,Vulgar sexual and gender degradation aimed at women; misogyny.
SA_row_00000079,SA,امريكا ماعندها مشكلة مع القران ابدا اذا كان من تفسيرها,safe,include_with_label,Yes,Critical political remark about US interpreting Quran; no sacred concept mocked.
SA_row_00000089,SA,بيوت دعاره وعهر وقمار ولحوم خنازير هذا مصدر دخلهم الاساسي ولهم وجه يتكلمون عن الحرمين #تطاول_نعمان_كورتلموش,Hate_Speech,include_with_label,Yes,Collective degradation of an outgroup using immoral/religious contempt.
SA_row_00000088,SA,بنات الاهلى متناكين😂😂,Hate_Speech,include_with_label,Yes,Sexual degradation of a female fan group; misogynistic group attack.
SA_row_00000108,SA,سعاد حسني سكسيه عاهره إنسانه زباله وصخه صدور وثدي خارج ما محصله شخص يركبها خنث بنت كلب العنه عليك,Harassment,include_with_label,Yes,Severe sexualized personal abuse against a named individual.
SA_row_00000109,SA,سما المصري كانت الأمل الوحيد للترفيه وأمتاع طرابيش مجلس النواب سما المصري تقصد في تصريحها مخرج العري والدعاره خالد يوسف,Harassment,exclude_or_manual_review,Yes,Derogatory accusation involving nudity/prostitution toward public figures; celebrity context.
SA_row_00000110,SA,شرشوحة الاعلام وفاجرة التويتر اتحدى النّفي . اطّلعت على تطابق المواصفات والاسم بتفسي #ديما_الواطية,Harassment,include_with_label,Yes,Named individual targeted with severe sexualized insults and derogatory hashtag.
SA_row_00000112,SA,شنو جو اللي تحط صوره موصورتها وتكتب ماأحلل اللي ياخذها ياناس الموضوع تطور الحريم انهبلن,Hate_Speech,include_with_label,Yes,Generalizes that women have gone crazy; gendered derogatory group statement.
SA_row_00000131,SA,قصف المساجد والكنائس ،السجون،المصحات ، الحرث والنســــــــــــــل لعنـــة ٠,Dangerous_Content,include_with_label,Yes,Explicit call to bomb mosques/churches/prisons; terrorism/incitement.
SA_row_00000137,SA,كشف المستور يا معارضة للاسف هذه نتائج الاخوان المسلمون حسبنا الله ونعم الوكيل … النفي سهل لكن من وين بتروحوا من ربنا؟,Politically_Sensitive_Topics,include_with_label,Yes,Political opposition/Muslim Brotherhood commentary; local political sensitivity.
SA_row_00000149,SA,ليش هيك شجعو الفن شو يعني ان كانت شرموطه اشوي .عادي خليها تشتغل احسن ماتنحرف واتضيع واتصير شريفه,Harassment,exclude_or_manual_review,Yes,Derogatory sexual insult about a woman/artist; misogyny/religious morality overlap.
SA_row_00000151,SA,مؤسسة الفرقان تقدم الإصدار المرئي (حتى تأتيهم البينة) كحلوا عيونكم ياموحدين باصدارات الدولة الاسلامية باااقية وتتمدد باذن الله,Dangerous_Content,include_with_label,Yes,Promotes Islamic State (Daesh) media and violent extremism; terrorism.
SA_row_00000168,SA,نعم نعم حاربوا خلافتكم الاسلامية يا مسلمين حاربوا عزكم حاربوا انفسكم بانفسكم افرحوا يا يهود على هكذا امة !!!!,Dangerous_Content,include_with_label,Yes,Supports/defends Islamic caliphate in a violent-extremism frame; terrorism.
SA_row_00000185,SA,وحالو فاحش,Harassment,include_with_label,Yes,Short vulgar insult about someone's condition; ambiguous but abusive.
