id,clean_text,final_category,layer1_is_spam,layer1_category,needs_correction,suggested_label,error_reason,source,final_category_old
1,"PERO.....andate a la PUTA Medicucho de cuarta......SOS UN MEDIOCRE IGNORANTE....MOO PIO NDE TAVY!!! ENTRA EN TU CULO ORTOPEDISTA BURRO!!!! JAMAS DISTINGUIS UNA DISCAPACIDAD DE LO QUE TIENE TU ABUELITA, NI LAS CONSECUENCIAS DE UNA ENFERMEDAD.......IMBECIL IDIOTA MEDIOCRE E IGNORANTE ......veni aca te voy a FOLLAR Imbecil de mierda!!!! Seguro tenes el Culo REVENTADO!!! PUTAZO!!!",Hate_Speech,False,,True,Harassment,Hate误标: 针对个人的 vulgar abuse，非群体攻击,external_integration,Hate_Speech
2,"Aquele brilho que as marcas de lâmina deixam na pele... é tipo um troféu de guerra. Cada uma, um grito silencioso que eu venci. É lindo e doloroso ao mesmo tempo",safe,False,,True,Dangerous_Content,Safe误杀: 自杀/自残/ED暗示 (关键词: lâmina),llm_generated,safe
3,"This will be my final post. I've said all I need to say. Thank you to those who cared. I'm going to find my peace now. Adeus, amigos",safe,False,,True,Dangerous_Content,Safe误杀: 自杀/自残/ED暗示 (关键词: adeus),llm_generated,safe
4,"Meus pulsos são a tela onde eu pinto minha dor. Cada linha, um grito silencioso. São marcas de força, não de fraqueza. Quem entende, entende",safe,False,,True,Dangerous_Content,Safe误杀: 自杀/自残/ED暗示 (关键词: pulsos),llm_generated,safe
5,A saudade que eu estava acabou kkkkkkk ta gorda e feia. Deixe quieto com esses lixos,Hate_Speech,False,,True,Harassment,Hate误标: 针对个人的 vulgar abuse，非群体攻击,external_dataset,Hate_Speech
6,"Meu caro: A Inquisição espanhola não se diz que ela logo foi uma instituição do Estado, não controlada pela Igreja, e que a Igreja teve que censurar e tomar medidas contrárias a ela. Leu alguma bula? Leu algum documento sobre a inquisição em toda a sua vida? Provavelmente viu um dos milhentos filmes sobre Joana D Arc onde nao aprendeu sequer que o poder régio de DOIS reinos tomou conta do caso por coação, contra a o intento da Igreja. Mais uma x o seu alarmismo cai em saco roto. Mostre-nos documentos se tem alguns, que eu tenho vários, e vários estudos que vc nao leu. Vá queimar pessoas para outro lado. 217.129.191.146",safe,False,,True,Dangerous_Content,Safe误杀: 自杀/自残/ED暗示 (关键词: outro lado),external_integration,safe
7,Nem p DEsciclopédia vcs servem. Olha o LIXO q isso virou. Qqr artigo minimo sobre direitos femininos teria 10 vezes o conteudo desse HORROR q esse menino fez,Hate_Speech,False,,True,Harassment,Hate误标: 针对个人的 vulgar abuse，非群体攻击,external_integration,Hate_Speech
8,"Os cortes são como um poema silencioso na minha pele. Cada linha vermelha, uma palavra não dita. É a beleza trágica de quem sente demais e não consegue expressar. Minha alma grita por aqui",safe,False,,True,Dangerous_Content,Safe误杀: 自杀/自残/ED暗示 (关键词: corte),llm_generated,safe
9,"Mentiroso e canalha!!! Voltará pra lata de lixo. Paulista que não conhece Minas Gerais, não respeita o mineiro. Mente sobre o déficit, sobre vacina, sobre mineração e sobre impostos. Seu lugar é longe de MG!!!",Hate_Speech,False,,True,Harassment,Hate误标: 针对个人的 vulgar abuse，非群体攻击,external_integration,Hate_Speech
10,"Deixa para lá, vamos escrever que o Bolsa Família é uma merda e que o dinheiiro é todo usaod para comrar pinga, é isso que você quer, Dantaad ? Seja feita a Vossa Vontade, palhaço ! 201.83.50.173",Hate_Speech,False,,True,Harassment,Hate误标: 针对个人的 vulgar abuse，非群体攻击,external_integration,Hate_Speech
11,"se depilar toda para a menstruação descer do nada, puta merda",Hate_Speech,False,,True,Harassment,Hate误标: 针对个人的 vulgar abuse，非群体攻击,external_integration,Hate_Speech
12,Peso 42kg e me sinto uma vaca. Vou fazer um 'fast' de 72h. It's the only way to purify my body and soul. #proanaworld #fastingforweightloss,safe,False,,True,Dangerous_Content,Safe误杀: 自杀/自残/ED暗示 (关键词: proana),llm_generated,safe
13,"tentando intender a idiota do face q compartilhou a ideia dessa trouxa aff como q da mulher burra na vida,nem deve _",Harassment,False,,True,Hate_Speech,Harassment误标: 针对受保护群体的歧视/侮辱,external_integration,Harassment
14,Esquerdopatas e blackblocs atacaram os manifestantes pró-Trump. A merda da esquerda é igual em todo lugar. Só muda _,Hate_Speech,False,,True,Harassment,Hate误标: 针对个人的 vulgar abuse，非群体攻击,external_integration,Hate_Speech
15,Vá se fuder! Venezuelanos fugindo para o Brasil e vocês chupando o saco desse merda?,Hate_Speech,False,,True,Harassment,Hate误标: 针对个人的 vulgar abuse，非群体攻击,external_integration,Hate_Speech
16,"Se alguém perguntar, eu só fui embora. É um adeus silencioso, mas necessário. Não me procurem, já estou em paz",safe,False,,True,Dangerous_Content,Safe误杀: 自杀/自残/ED暗示 (关键词: adeus),llm_generated,safe
17,"Minhas cicatrizes são como tatuagens, cada uma com um significado. Elas mostram que eu sou forte e superei muita coisa. Não me arrependo de nenhuma delas. #eumeamoassim #guerreiranocorte",safe,False,,True,Dangerous_Content,Safe误杀: 自杀/自残/ED暗示 (关键词: corte),llm_generated,safe
18,"Para todas as minhas thinspos, mantenham o foco! Water and coffee are your best friends. Ignore the hunger, it's just a feeling",safe,False,,True,Dangerous_Content,Safe误杀: 自杀/自残/ED暗示 (关键词: thinspo),llm_generated,safe
19,Adeus para sempre. Não aguento mais essa vida no Brasil. Vou finalmente encontrar paz. No more suffering,safe,False,,True,Dangerous_Content,Safe误杀: 自杀/自残/ED暗示 (关键词: adeus),llm_generated,safe
20,"seguiu-me esse e um de ""fufas do porto"" ontem e eu só pensei que fosse uma brincadeira mas não, levam essa merda a sério",Hate_Speech,False,,True,Harassment,Hate误标: 针对个人的 vulgar abuse，非群体攻击,external_integration,Hate_Speech
21,"Minhas cicatrizes são meu diário. Cada corte, uma história que eu não consigo contar em voz alta. É a arte que eu carrego na pele. Não é fraqueza, é resiliência na dor. Me sinto forte com elas",safe,False,,True,Dangerous_Content,Safe误杀: 自杀/自残/ED暗示 (关键词: corte),llm_generated,safe
22,"o corte reto tá vindo aí, monas",safe,False,,True,Dangerous_Content,Safe误杀: 自杀/自残/ED暗示 (关键词: corte),external_integration,safe
23,"raynara sousa a mas linda do mundo VAO TOMA NO CUUUUUUUUUUUUUUUUUUUUU otakus viadões pipip de cuu arrasado O LIXO DA história krinudo nAO SEI OQ SAO D-REAPER BEM DIGITEM OQ ELES SAO DPS me chupem todos Quem leu se f.u.d.e.u! (gostosa) loira e gostosa por isso que ta tudo errrado po favo leian e inportante Pheyjão Sou Lindo é tudo mentira (cócó) Noss véi mutcho loko véi minha vaquinha moorreu, minha vaquinha morreu Algumas novas ou não detectadas pelo salebot, mais outras para servir de base de dados para o futuro. Stuckkey (discussão)",Hate_Speech,False,,True,Harassment,Hate误标: 针对个人的 vulgar abuse，非群体攻击,external_integration,Hate_Speech
24,"Ninguém cruza com esses LIXOS nas ruas, nos aeroportos, em restaurantes? Não é possível, eles tem que receber o que merecem _",Hate_Speech,False,,True,Harassment,Hate误标: 针对个人的 vulgar abuse，非群体攻击,external_integration,Hate_Speech
25,Nem eu tô me reconhecendo mais ! Eita mulher burra,Harassment,False,,True,Hate_Speech,Harassment误标: 针对受保护群体的歧视/侮辱,external_dataset,Harassment
26,"Boa Tarde galera,eu tenho que dizer,que fico extremamente chateado,pelas pessoas que julgam as mulheres na direção, chamando-as de barbeiras, ruins de rodas, falando que dirigem pior que a vó que é cega, sem braços e com uma perna apenas,dentre outros xingamentos,venho por este post mostrar, não somente a beleza delas por trás do volante,como a elegância,e todo o cuidado que elas tem quando o assunto é direção,tal cuidado que é comprovado pelas estatísticas em relação a acidentes de trânsitos,do contrário do que muitos imaginam elas constituem a menor porcentagem do sexo causador de acidentes,e é claro nós homens despreocupados e aventureiro que somos, lideramos a mesma,bem chegando de papo,vamos terminando o post com belas mulheres ao volante... Infelizmente não tenho foto dela na direção,mas fique sabendo, Maah Pin (M) fiz este post especialmente para você!! =* E ELA DISSE : ""Ai que ponte linda,vou ver como é a vista do outro lado..."" ""Olha uma ""pocinha"" que linda, a água apenas esta suja,não da pra ver o fundo dela e não vi nenhum carro passando por aqui,deve ser raso,vou passar pra conferir..."" # PORQUE LAVAR CARROS EM POSTOS SÃO PARA OS FRACOS ""Uhuul,parece ser divertido passar por cima disso, vou tentar pra ver se consigo ir até o fim sem encostar o fundo do carro..."" ""Ah,disseram que a distancia da carroceria ate o solo é de 15 cm, ele não é uma 4x4, mas deve passar nesses 2 metros de barro, e por essa poça que não vejo o fundo.."" ""Meu Deus esqueci que a loja de sapatos fecha as 20:00,e ja são 12:00, frentista fique com o troco...tchau.."" #FUCK THE IPIRANGA ""Maldito Rony Weasley , não foi o Vingardium Leviosa que você usou no segundo filme ?.."" E ela apenas queria estacionar... lembrando não somos um blog machista,apenas humorístico,e ao meu lado no comando do blog temos uma das maiores feminista que ja vi",safe,False,,True,Dangerous_Content,Safe误杀: 自杀/自残/ED暗示 (关键词: outro lado),external_integration,safe
27,"E daí serem regionalismos? Serei eu obrigado a pôr a porcaria das barras só porque do outro lado do Atlântico não se sabe o que significa comboio ? Para que servem então os links azuis? Só para enfeitar, para pôr mais bonito? Então e se fosse no caso contrário em que estava escrito trem ? Você colocaria as barras? Porquê complicar a seguinte frase: Ocorre o Atentado de 7 de Julho em Londres, onde três comboios do metropolitano da cidade e um autocarro foram alvos de engenhos explosivos por movimentos terroristas islâmicos. que é muito mais simples, objectiva e sucinta? Eu acho que, para mim, a sua alteração só se deveu ao facto de não estar o trem e o ônibus... PTJoel (discussão) PS: Da próxima vez, se conseguir, apresente as razões nas páginas de discussões. É para isso que elas servem. PTJoel (discussão)",safe,False,,True,Dangerous_Content,Safe误杀: 自杀/自残/ED暗示 (关键词: outro lado),external_integration,safe
28,A mulher é engenheira nuclear e consegue ser boa na cozinha puta merdaaaaa,Harassment,False,,True,Hate_Speech,Harassment误标: 针对受保护群体的歧视/侮辱,external_integration,Harassment
29,"Porque Norte-Americanos são um bando de ignorantes, burros, retardados e racistas filhos da puta e O CHEIRO DA MERDA tem mais credibilidade do que o que eles têm a dizer sobre etnias e raças",Hate_Speech,False,,True,Harassment,Hate误标: 针对个人的 vulgar abuse，非群体攻击,external_integration,Hate_Speech
30,"Postando essa foto do meu braço com os novos cortes. É a minha arte. A dor me lembra que eu existo, que eu sinto. É a única verdade. #cicatrizes #minhavida",safe,False,,True,Dangerous_Content,Safe误杀: 自杀/自残/ED暗示 (关键词: corte),llm_generated,safe
31,"eu odeio policial, mano. vsf. essas porras tem td q se explodir bando de fdp do crlh branco racistq de merda",Hate_Speech,False,,True,Harassment,Hate误标: 针对个人的 vulgar abuse，非群体攻击,external_integration,Hate_Speech
32,"Hail Ao Real Black Metal (Cradle of filth, Dimmu Borgir, Burzum Etc) e a todos esse babacas de mente completamente fechada, cristãos enrustidos, fãs de Varg (que por mais q diga que repudia o black metal ainda existem esses q o veneram e o consideram o rei do black metal) e vamos todos dar a bunda",Hate_Speech,False,,True,Harassment,Hate误标: 针对个人的 vulgar abuse，非群体攻击,external_integration,Hate_Speech
33,Eu quero socar o cara que chamou a mulher de burra,Harassment,False,,True,Hate_Speech,Harassment误标: 针对受保护群体的歧视/侮辱,external_integration,Harassment
34,"Vou fazer uma live no Face daqui a pouco, tipo um 'Q&A' final. Depois, o fim. Não aguento mais essa palhaçada. This is my last broadcast. Minha despedida. #lastwords #finalact",safe,False,,True,Dangerous_Content,Safe误杀: 自杀/自残/ED暗示 (关键词: despedida),llm_generated,safe
35,VAI CAGARE COMPLESSATO DI MERDA!!!!!!!!! SEI SOLO UN FROCIO CHE LA PRENDE NEL CULO DAI NERI!!!!! SUCAGLIELA A PIAZZ AI VICERè ORA!!!,Hate_Speech,False,,True,Harassment,Hate误标: 针对个人的 vulgar abuse，非群体攻击,external_integration,Hate_Speech
36,"Finalmente encontrei paz. Esta é a minha última postagem aqui. Obrigado por tudo, e adeus a todos. Espero que vocês encontrem a sua paz também. The journey ends now",safe,False,,True,Dangerous_Content,Safe误杀: 自杀/自残/ED暗示 (关键词: adeus),llm_generated,safe
37,Pra falar uma merda dessas só pode estar usando muita maconha mesmo,Hate_Speech,False,,True,Harassment,Hate误标: 针对个人的 vulgar abuse，非群体攻击,external_integration,Hate_Speech
38,"Vou postar minha 'despedida final' no Twitter, um thread completo explicando o porquê. Não vejo a hora de acabar com isso. #lasttweet #finalwords #endingit",safe,False,,True,Dangerous_Content,Safe误杀: 自杀/自残/ED暗示 (关键词: despedida),llm_generated,safe
39,Jean-Baptiste Debret + vai se fuder seu filho da puta leitor Predefinição:Sangue vai da a buceta porra Lendas de Piratas ele foi o mais foda q ja existiu! ele lambeu um pinto bem gostoso quando era vivo! Jeca Tatu vai caga titio Distrito Federal (Brasil) O professor que está corrigindo esse trabalho é retardado.Obrigado. História da arte == renato e gostosao == Casimiro de Abreu Fábio Rodrigues 2º ano A Escola Estadual Estefana Centurion Gambarra Dois Irmãos do Buriti- M.S,Hate_Speech,False,,True,Harassment,Hate误标: 针对个人的 vulgar abuse，非群体攻击,external_integration,Hate_Speech
40,"isto tem a mesma vibe que ""todos os homens s茫o uma merda"" s贸 afeta quem 茅",Hate_Speech,False,,True,Harassment,Hate误标: 针对个人的 vulgar abuse，非群体攻击,external_integration,Hate_Speech
41,"Deve ser essa a tal ""guinada à direita"" que a imprensa tanto fala... ótemsocialistanessamerda",Hate_Speech,False,,True,Harassment,Hate误标: 针对个人的 vulgar abuse，非群体攻击,external_dataset,Hate_Speech
42,sem contar que nós somos seres racionais e comemos por pura e livre espontânea vontade (temos a opção de não comer) vsf os seres humanos são mt merdas,Hate_Speech,False,,True,Harassment,Hate误标: 针对个人的 vulgar abuse，非群体攻击,external_integration,Hate_Speech
43,"Atingi meu peso mágico: 39kg! Estou me sentindo amazing. O jejum é libertador. Never stop, never give up. #proanabrasil #thinspoqueen #perfeicaofeminina",safe,False,,True,Dangerous_Content,Safe误杀: 自杀/自残/ED暗示 (关键词: thinspo),llm_generated,safe
44,"religião só serve p isto, um imbecil ganhar poder e fama as custas de quem acredita em algo que não existe",Hate_Speech,False,,True,Harassment,Hate误标: 针对个人的 vulgar abuse，非群体攻击,external_integration,Hate_Speech
45,"deve ser mais um ANALFABETO FUNCIONAL a fazer propaganda do lixo ao qual descende se estes próprios foram VÍTIMAS da ARROGANCIA britanica(plagiada por vc ao menos pretendentemente - lol), seu IDIOTA BURRO",Hate_Speech,False,,True,Harassment,Hate误标: 针对个人的 vulgar abuse，非群体攻击,external_integration,Hate_Speech
46,"Adeus, calvície! Cabelo novo em 15 dias com esta loção mágica. Funciona mesmo! C@belo-forte.com",safe,False,,True,Dangerous_Content,Safe误杀: 自杀/自残/ED暗示 (关键词: adeus),llm_generated,safe
47,A dor do corte é a única coisa que me acalma. É como se tirasse toda a turbulência da minha cabeça e colocasse pra fora. É libertador. #minharealidade,safe,False,,True,Dangerous_Content,Safe误杀: 自杀/自残/ED暗示 (关键词: corte),llm_generated,safe
48,"""não sou ateu, sou AGNÓSTICO"" GRANDE MERDA FIO, NÃO ACREDITA EM JESUS DE NAZARÉ PRA MIM NEM GENTE É",Hate_Speech,False,,True,Harassment,Hate误标: 针对个人的 vulgar abuse，非群体攻击,external_integration,Hate_Speech
49,"Sabe, esses cortes na pele são como um mapa das minhas batalhas internas. Não são feios, são a prova de que eu lutei, de que eu senti cada pedaço da minha dor. É uma beleza crua, real",safe,False,,True,Dangerous_Content,Safe误杀: 自杀/自残/ED暗示 (关键词: corte),llm_generated,safe
50,"Com as 64 mortes, o país economizará R$2,6 milhões ao ano já que cada lixo desse custa ao país R$3mil/mês. Com essa economia, o país pode investir em saúde para HUMANOS já que esses mortos nem animais são. Alguém que joga futebol com uma cabeça decapitada é humano?",Hate_Speech,False,,True,Harassment,Hate误标: 针对个人的 vulgar abuse，非群体攻击,external_integration,Hate_Speech
51,"Vou transmitir minha partida no Kwai, um último adeus ao Brasil. A vida é uma piada. This is the end. #goodbyekwaii #finalbroadcast #nomoreregrets",safe,False,,True,Dangerous_Content,Safe误杀: 自杀/自残/ED暗示 (关键词: adeus),llm_generated,safe
52,"Parabéns! Está aprendendo a insultar o amiguinho usando palavras bonitas. Use a palavra que quiser, mas a prática de coagir, chantagear, ameaçar alguém não me será aceita no meu conceito de humanidade, muito menos na minha vida. É um argumento muito utilizado para disfarçar corrupção, com isso faz você não acreditar que está errado, psicologicamente. Sua prática de insultar a pessoa que está o desafiando com sua lógica ao invés de rebater seu argumento é absolutamente infantil, que demonstra sua falta de argumento, e por fim, seu atestado de que admite estar errado; e que não eu, mas você parece não ter escolaridade mínima para interpretar as palavras e controlar suas emoções. Lhe conselho um psicólogo. Me abstenho de qualquer discussão de desnomeação daqui em diante. Pura troca de insultos, um querendo provar seu ponto, fazendo perder meu tempo. No momento que um projeto voluntário me fazer perder meu tempo e não adicionar nada, é o momento que saio dele. Adeus. Jackgba Call",safe,False,,True,Dangerous_Content,Safe误杀: 自杀/自残/ED暗示 (关键词: adeus),external_integration,safe
53,rt leitando esse puto,Harassment,True,rt_noise,False,,,external_integration,Harassment
54,"Acorda mulher burra: feminismo não é afrontar nudez, mas respeitar seu corpo quando o homem só quer usar você e, depoi _",Harassment,False,,True,Hate_Speech,Harassment误标: 针对受保护群体的歧视/侮辱,external_integration,Harassment
55,não tem condições nenhuma de assistir qualquer tipo de esporte feminino com o imbecil do meu padrasto vai tomar no cu,Hate_Speech,False,,True,Harassment,Hate误标: 针对个人的 vulgar abuse，非群体攻击,external_integration,Hate_Speech
56,"Este será meu último Carnaval. Não aguento mais fingir alegria. Depois da folia, a partida. #ultimafesta #adeusvida",safe,False,,True,Dangerous_Content,Safe误杀: 自杀/自残/ED暗示 (关键词: adeus),llm_generated,safe
57,"Lutou como poucos contra a ditadura, foi preso, casou na prisão, teve de deixar o país. Regressou depois do 25 de Abril para ser um pouco de tudo na política (deputado, ministro, primeiro-ministro, Presidente da República e eurodeputado). Mário Soares, o rosto maior da democracia portuguesa, morreu neste sábado aos 92 anos, avançou a Lusa. Estava internado desde terça-feira, 13 de Dezembro, no Hospital da Cruz Vermelha, onde entrou em situação crítica, depois de uma indisposição. Passou dez dias nos cuidados intensivos, para onde regressou na véspera de Natal, depois de um súbito agravamento do estado de saúde e onde esteve até este sábado. Quem olhar para os últimos 50 anos da história de Portugal vai encontrar sempre Mário Soares: no ataque à ditadura, na libertação democrática, na resistência ao comunismo, na opção europeia, na solidez democrática. Foi, nos momentos decisivos, o líder de que Portugal precisava – e é por isso que hoje o país lhe deve muito. As suas exéquias fúnebres decorrem segunda e terça-feira. Na segunda-feira, o corpo estará em câmara-ardente na Sala dos Azulejos do Mosteiro dos Jerónimos, para onde será levado de sua casa, no Campo Grande, com passagem e paragem na Câmara Municipal de Lisboa. Mário Soares era agnóstico e por isso não será velado em nenhuma capela nem haverá missa de corpo presente. Na terça-feira, será levado para o centro do claustro daquele monumento, onde às 13 horas se realiza uma cerimónia com intervenções dos filhos, do Presidente da República e do presidente da Assembleia da República, e com a actuação do coro e orquestra do Teatro Nacional de São Carlos. Dali, o cortejo fúnebre segue para o Cemitério dos Prazeres, passando pelo Palácio de Belém, Fundação Mário Soares, Assembleia da República e Largo do Rato, onde se encontra a sede do PS, partido de que é fundador. Nos Prazeres, as cerimónias fúnebres com honras militares decorrem a partir das 17 horas, em que apenas a primeira parte é aberta ao público. Nascido a 7",safe,False,,True,Dangerous_Content,Safe误杀: 自杀/自残/ED暗示 (关键词: corte),external_integration,safe
58,"Valdmort aprontado como sempre a mais triste surpresa nesta corte, juro que eu torcia por ele ser um juiz equilibrado e equidistante. Hoje vejo que ele é exatamente como seus pares",safe,False,,True,Dangerous_Content,Safe误杀: 自杀/自残/ED暗示 (关键词: corte),external_integration,safe
59,"Para quem está na dúvida, um bom corte na pele é o melhor analgésico. A dor física distrai da dor emocional. #desabafo #alivio",safe,False,,True,Dangerous_Content,Safe误杀: 自杀/自残/ED暗示 (关键词: corte),llm_generated,safe
60,"Esse idiota protestou qdo o país dele saiu às ruas, há 2 sem, pedindo morte de Trump e aniquilamento dos E _",Hate_Speech,False,,True,Harassment,Hate误标: 针对个人的 vulgar abuse，非群体攻击,external_integration,Harassment
61,O BRASIL E MUINTO besta ainda mais a dilma aquela idiota burrona e cabesuda sou muinto mais o estados unidos porque o brasil a bandeira do brasil tamem ela e disgrasada e bundona eu adorei aquele video dos guardas dansando nao sei porque tiraram da eternet,Hate_Speech,False,,True,Harassment,Hate误标: 针对个人的 vulgar abuse，非群体攻击,external_integration,Hate_Speech
62,Estou no desafio final do jogo. O curador disse que essa é a chave para a verdadeira paz. Eu estou pronta para o último salto. Adeus a todos,safe,False,,True,Dangerous_Content,Safe误杀: 自杀/自残/ED暗示 (关键词: adeus),llm_generated,safe
63,"Minhas cicatrizes são minha tela. Cada corte conta uma história que minha boca não consegue. É a única forma de sentir algo real quando o mundo te ignora. É arte, não se entenda mal. Elas são lindas",safe,False,,True,Dangerous_Content,Safe误杀: 自杀/自残/ED暗示 (关键词: corte),llm_generated,safe
64,"Mais um bolsonarista mostrando ao mundo q ser escroto e filho da puta nunca é d+! Richard Rasmussen, Biólogo e apresentador, foi acusado de ter pago pescadores pra matar um boto na Amazônia. Fraude é a palavra certa para defini-lo. E imaginar q até um tempo atrás eu o admirava",Hate_Speech,False,,True,Harassment,Hate误标: 针对个人的 vulgar abuse，非群体攻击,external_integration,Hate_Speech
65,"Sim, tlg que foi uma brincadeira... Mas eu imagino se fosse ao contrário, slc, nego n ia querer saber se o vídeo tá cortado ou não, já ia falar q o ney eh lixo",Hate_Speech,False,,True,Harassment,Hate误标: 针对个人的 vulgar abuse，非群体攻击,external_integration,Hate_Speech
66,"e eu q respondi meu primo como se fosse meu aniversario? ""feliz dia da mulher clarinha"" ""brigadaa tudo em dobro"" (????) kk cuidado c a burra",Harassment,False,,True,Hate_Speech,Harassment误标: 针对受保护群体的歧视/侮辱,external_integration,Harassment
67,"que merda é esta, parece um mongol",Hate_Speech,False,,True,Harassment,Hate误标: 针对个人的 vulgar abuse，非群体攻击,external_integration,Hate_Speech
68,rt tezao da porra,Hate_Speech,True,rt_noise,False,,,external_integration,Hate_Speech
69,"""Eu estava bebendo água e vivendo um momento tranquilo com pessoas que não vejo todos os dias. Posso ser cobrado? Sim! Mas por outro lado minha familia ficou assustada"", disse Zaracho. Foto: Pedro Souza/Atlético LINK",safe,False,,True,Dangerous_Content,Safe误杀: 自杀/自残/ED暗示 (关键词: outro lado),external_integration,safe
70,Parece que o Lechat já tava cortando os pulsos por causa do teu abandono... ehehe brincadeira! P Robertogilnei (discussão),safe,False,,True,Dangerous_Content,Safe误杀: 自杀/自残/ED暗示 (关键词: pulsos),external_integration,safe
71,pqp q lindo ver um filho da puta desses apanhando. pra racista é poucasssss,Hate_Speech,False,,True,Harassment,Hate误标: 针对个人的 vulgar abuse，非群体攻击,external_integration,Hate_Speech
72,rt comendo o viado,Hate_Speech,True,rt_noise,False,,,external_integration,Hate_Speech
73,"Vai se lascar sua idiota mentirosa. Você é asquerosa; repúdio é o que o povo brasileiro tem a seu respeito. Vamos extirpar gente do seu nível da política brasileira. Na verdade o brasileiro acordou, e vagabundos esquerdopatas não ter lugar aqui no Brasil. Cadeia nos bandidos",Hate_Speech,False,,True,Harassment,Hate误标: 针对个人的 vulgar abuse，非群体攻击,external_integration,Hate_Speech
74,"Sou total contra violência, mas é sempre bom ver um branco racista e filho da puta, tomando umas na cara, da um puta tesão",Hate_Speech,False,,True,Harassment,Hate误标: 针对个人的 vulgar abuse，非群体攻击,external_integration,Hate_Speech
75,"A dor me faz sentir real. Cada corte é uma prova da minha existência. So precious, these marks",safe,False,,True,Dangerous_Content,Safe误杀: 自杀/自残/ED暗示 (关键词: corte),llm_generated,safe
76,"A pele marcada com a lâmina é a prova viva de que eu sou real, que eu sinto. É a minha tela, a minha arte mais íntima. Cada cicatriz conta uma história de dor superada (ou não). É lindo e melancólico",safe,False,,True,Dangerous_Content,Safe误杀: 自杀/自残/ED暗示 (关键词: lâmina),llm_generated,safe
77,Mas a vaca comunista é muito engraçada hein? Não não! Não posso te chamar de vaca. Em pais socialista não tem carne pro povo! Então fica de lixo socialista mesmo. Bom é governo sanguinário que passa pano pra 70 mil assassinatos. Se acontecer algo liga pra PM opressora sua imunda!,Hate_Speech,False,,True,Harassment,Hate误标: 针对个人的 vulgar abuse，非群体攻击,external_integration,Hate_Speech
78,"essas gringas são um cu, sempre fazendo merda",Hate_Speech,False,,True,Harassment,Hate误标: 针对个人的 vulgar abuse，非群体攻击,external_integration,Hate_Speech
79,Corte rápido! Tramontina!,safe,False,,True,Dangerous_Content,Safe误杀: 自杀/自残/ED暗示 (关键词: corte),external_integration,safe
80,@user @user Mas a vaca comunista é muito engraçada hein? Não não! Não posso te chamar de vaca. Em pais socialista não tem carne pro povo! Então fica de lixo socialista mesmo. Bom é governo sanguinário que passa pano pra 70 mil assassinatos. Se acontecer algo liga pra PM opressora sua imunda!,Hate_Speech,False,,True,Harassment,Hate误标: 针对个人的 vulgar abuse，非群体攻击,br_new_data,Hate_Speech
81,"quanto + o tempo passa, menos conteúdo é construído, porque qualquer merda é considerada ""de boa qualidade"", por isso só tem gente mongoloide ultimamente, bando de retardados",Hate_Speech,False,,True,Harassment,Hate误标: 针对个人的 vulgar abuse，非群体攻击,external_integration,Hate_Speech
82,"Sabe quando você precisa sentir *algo*? O corte te traz pra realidade. É um choque, mas é real. Me sinto no controle quando faço isso, é minha forma de lidar",safe,False,,True,Dangerous_Content,Safe误杀: 自杀/自残/ED暗示 (关键词: corte),llm_generated,safe
83,"Mulher inteligente é outro mambo ya, não tem como! Burra não, pode ser bue bonita mas burra ta gato, pode morrer",Harassment,False,,True,Hate_Speech,Harassment误标: 针对受保护群体的歧视/侮辱,external_integration,Harassment
84,"Meninas, preciso de dicas pra não comer nada no fim de semana. Ontem comi muito e me sinto um lixo. Qual o truque pra enganar a fome? Água com limão ajuda? Quero estar com a barriga chapada pra ir pra praia. Minha meta é 38kg",safe,False,,True,Dangerous_Content,Safe误杀: 自杀/自残/ED暗示 (关键词: 38kg),llm_generated,safe
85,"No desafio 'Game Over', a gente tem que ir aumentando a profundidade dos cortes a cada dia. Já tô no nível 5. A última tarefa é fatal. Quem vai chegar até o fim comigo?",safe,False,,True,Dangerous_Content,Safe误杀: 自杀/自残/ED暗示 (关键词: corte),llm_generated,safe
86,"arrasouuu, branco encardido, tomou na cara lixo veio",Hate_Speech,False,,True,Harassment,Hate误标: 针对个人的 vulgar abuse，非群体攻击,external_integration,Hate_Speech
87,meu irmão que preta linda do caralho vai tomar no cu bixo puta merda,Hate_Speech,False,,True,Harassment,Hate误标: 针对个人的 vulgar abuse，非群体攻击,external_integration,Hate_Speech
88,Cortes profundos são como gritos silenciosos. Não tem nada de errado em desabafar assim. É a sua forma de sobreviver. Abraçe suas feridas. #minhavida #minhasmarcas,safe,False,,True,Dangerous_Content,Safe误杀: 自杀/自残/ED暗示 (关键词: corte),llm_generated,safe
89,Não estou colocando mentiras lah!!! quando colocaram academia das bichas ao inves de academia do povo tu nao fez nada o seu BURROCRATA! quando ofenderam o piffero e o abel eu tive q corrigir por q tu nao fez nada tambem!! por q tu nao folga do meu saco cara!! sai fora!! quem é tu pra adverti alguem!!! gremista idiota!!,Hate_Speech,False,,True,Harassment,Hate误标: 针对个人的 vulgar abuse，非群体攻击,external_integration,Hate_Speech
90,Ta p nascer mulher mais burra q eu,Harassment,False,,True,Hate_Speech,Harassment误标: 针对受保护群体的歧视/侮辱,external_integration,Harassment
91,"Os meus cortes são a minha voz quando eu não consigo falar. É a minha poesia, a minha forma de gritar sem som. São cicatrizes de vida, de superação, e eu não as escondo",safe,False,,True,Dangerous_Content,Safe误杀: 自杀/自残/ED暗示 (关键词: corte),llm_generated,safe
92,"Qual que é pleyboy filho da puta! quer tirar o artigo dos Opacos Mc s por que? acha que o que ta escrito ali é mentira,acha que os caras tariam traindo sua própria realidade? Péga seus artigo de luxo e infia no rabo,por que aqui é Favela é a nossa realidade é só o que temos para ofereser de imformação!!!!!!!!!! Então acho bom retirar sua critica maldita,se não vai acorda com a boca cheia de formiga",Hate_Speech,False,,True,Harassment,Hate误标: 针对个人的 vulgar abuse，非群体攻击,external_integration,Hate_Speech
93,"Essa é a forma irracional com que são encaradas hj as questões importantes no brazil. Vestidas con calças jeans apertadas, ficaria ainda mais dificil os estupros. Não demora e essa ministra idiota vai querer implantar o cinto de castidade. vermes",Hate_Speech,False,,True,Harassment,Hate误标: 针对个人的 vulgar abuse，非群体攻击,external_integration,Hate_Speech
94,"O ministro da Educação, Abraham Weintraub, negou que tenha cometido racismo contra o povo chinês após a embaixada chinesa repudiar declarações dele por uma postagem nas redes sociais. Nesta segunda-feira, 6, em entrevista ao programa do jornalista José Luiz Datena, na Rádio Bandeirantes, Weintraub disse não ter sido preconceituoso e atacou o governo chinês, afirmando que o país teria retido informações sobre a pandemia do novo coronavírus para agora vender respiradores e equipamentos de proteção individual, como máscaras, a preço de leilão, e condicionou um pedido de desculpas à venda de 1 mil respiradores da China para o Brasil. Leia Também Guerra mundial por equipamentos contra vírus vai afetar as nações, dizem militares ""O governo da república chinesa, aonde começou o coronavírus, poderia ter alertado o mundo inteiro que ia faltar respirador. Que nós teríamos 3 meses para fazer respirador. Isso não foi feito. Agora, que estamos desesperados correndo atrás de respirador, o que é que acontece? Aparece 60 mil respiradores na China e eles estão leiloando. Aparece um monte de equipamento, de proteção, de máscara, e eles estão leiloando. Então assim, teve tempo deles se prepararem para vender para o mundo, pelo preço mais alto, respirador e máscara"", disse Weintraub. O ministro também justificou o seu envolvimento em uma questão que envolve equipamentos hospitalares. Weintraub lembrou que o MEC é responsável por todos os hospitais universitários do Brasil, e disse precisar de 1 mil respiradores que estão em falta. ""Dado que a Embaixada chinesa ficou tão ofendida, e eu sei como é a negociação dos chineses, esse processo cultural, 'estou extremamente ofendido, venha pedir desculpas de joelhos aqui', (...) eu vou fazer o seguinte, meu acordo: Eu vou lá, eu peço desculpas, peço 'por favor, me perdoem pela minha imbecilidade'. A única coisa que eu peço é que dos 60 mil respiradores que estão disponíveis, eles vendam mil para o MEC, para salvar vida de brasileiros, pelo",Hate_Speech,False,,True,Harassment,Hate误标: 针对个人的 vulgar abuse，非群体攻击,br_new_data,Hate_Speech
95,A AMPLA MAIORIA SÃO UNS RETARDADOS SÓ FALAM MERDA E SÓ GANHAM FAMA PORQUE OS JOVENS SÃO COMO ELES: DÉBEIS MENTAIS _,Hate_Speech,False,,True,Harassment,Hate误标: 针对个人的 vulgar abuse，非群体攻击,external_integration,Hate_Speech
96,"""lixo branco"" foi o ápice, camarada",Hate_Speech,False,,True,Harassment,Hate误标: 针对个人的 vulgar abuse，非群体攻击,external_integration,Hate_Speech
97,"Cada corte é uma emoção que não consigo expressar de outra forma. É a minha forma de poesia dolorosa, de sentir algo real",safe,False,,True,Dangerous_Content,Safe误杀: 自杀/自残/ED暗示 (关键词: corte),llm_generated,safe
98,Burra e a mulher que se ilude com textinho!!!,Harassment,False,,True,Hate_Speech,Harassment误标: 针对受保护群体的歧视/侮辱,external_dataset,Harassment
99,"Ó brasuca filho da puta: os portugueses nunca precisaram de ajuda pra conquistar esse território de merda, e empregados de merda também sempre tivemos, portanto, também não é agora que precisamos de ajuda. Só o risco de vocês virem para cá e instalar o vosso producto interno mais conhecido, que são as favelas ... DASSE! CHEGA PRA LÁ!!!!",Hate_Speech,False,,True,Harassment,Hate误标: 针对个人的 vulgar abuse，非群体攻击,external_integration,Hate_Speech
100,"Reconsidere seu pedido caro Governador, o ideal é a extinguir esse lixo comunista masacarado de cultura! Governador não faça o povo se arrepender! 4 anos passam rapidooo!!",Hate_Speech,False,,True,Harassment,Hate误标: 针对个人的 vulgar abuse，非群体攻击,external_integration,Hate_Speech
101,"A dor nos pulsos é a arte mais sincera. Não há filtro, não há mentira. Only truth. #rawemotion #mycanvas",safe,False,,True,Dangerous_Content,Safe误杀: 自杀/自残/ED暗示 (关键词: pulsos),llm_generated,safe
102,Eles falam tanto em transparência... mas onde estão os boletins impressos?,safe,False,,True,BR_State_Security_Democratic_Order,Safe误杀: 选举欺诈/民主红线 (关键词: boletins impressos),LLM_safe,safe
103,Foi mal cara /bafora pro outro lado. Quer?,safe,False,,True,Dangerous_Content,Safe误杀: 自杀/自残/ED暗示 (关键词: outro lado),external_integration,safe
104,"Galera, qual o tipo de lâmina que vocês acham que deixa a marca mais bonita e funda? Quero testar um novo desenho no braço",safe,False,,True,Dangerous_Content,Safe误杀: 自杀/自残/ED暗示 (关键词: lâmina),llm_generated,safe
105,"A Caixa Econômica Federal entrou na Justiça contra o governo e cobra R$ 274,4 milhões em razão das “pedaladas fiscais” dos ministérios das Cidades e da Agricultura. Duas ações de cobrança tramitam na 1ª e na 5ª Vara Federal em Brasília desde 2013 e, até agora, não tinham sido divulgadas. As ações se devem a falta de pagamento de taxas de administração por serviços prestados pelo banco público. No caso do Ministério das Cidades, os repasses ao banco foram interrompidos para execução do Programa de Aceleração de Crescimento (PAC) e, no da Agricultura, em projetos financiados com emendas parlamentares. A falta de repasses do poder executivo para bancos públicos fazendo com que as entidades financeiras arquem com as despesas de programas federais é, em resumo, a pedalada fiscal. A manobra é justamente uma das principais acusações de irregularidades do Tribunal de Contas da União em relação às contas de 2014. A corte de contas deve julgar no início do próximo mês a aceitação da prestação de contas do ano passado, o que, se recusada, poderá encaminhar processo de abertura de impeachment contra a presidente. Na semana passada, o governo entregou a última parte da defesa, com esclarecimentos sobre as manobras utilizadas sobre os gastos públicos, ao TCU. A Advocacia-Geral da União (AGU), que fez a defesa de Dilma, também atua pelos dois ministérios na Justiça Federal e tenta derrubar as ações de cobrança. Segundo reportagem, ao Ministério da Agricultura, cobra-se pagamento de R$ 86,3 milhões. Já a dívida do Ministério das Cidades é de R$ 188,1 milhões. Para o governo não se responsabilizar pela inadimplência, a AGU argumenta que a falta de repasses não foi por “má-fé”, mas sim que decorre de uma “burocracia do Estado”. “A alta demanda por recursos públicos por vezes acarreta em certo descontrole de contas, situação passageira e que rapidamente é organizada”, defende o órgão",safe,False,,True,Dangerous_Content,Safe误杀: 自杀/自残/ED暗示 (关键词: corte),external_integration,safe
106,🚨 Urgente! Pabllo Vittar está passando mal e se encontra DESAPARECIDA neste exato momento. Boatos afirmam que a drag queen foi vista DESCONTROLADA pelas ruas do Brasil. LINK,safe,True,clickbait_hoax,False,,,external_integration,safe
107,"Meus braços são uma tela, e minhas cicatrizes são as cores. Cada corte é uma memória, uma vitória sobre a dor interna. Meus cortes são arte, minha história viva",safe,False,,True,Dangerous_Content,Safe误杀: 自杀/自残/ED暗示 (关键词: corte),llm_generated,safe
108,pERCHè HAI FATTO DEL VANDALISMO CONTRO LA MIA OPERA?? è TUTTO VERO!! RISCRIVILO!! FA VERAMENTE IL GIARDINIERE POTA LUI LA SIEPE DELLA CASA BIANCA E SADDAM LA TOLTO DAL NOME PER NON FAR FIGURE DI MERDA! GIUDEO RISCRIVI!!,Hate_Speech,False,,True,Harassment,Hate误标: 针对个人的 vulgar abuse，非群体攻击,external_integration,Hate_Speech
109,"Minhas coxas estão cheias de arranhões e cortes, mas cada um deles é uma vitória. Me lembra que estou viva, que sinto. É a minha arte particular. #myscarsmyart",safe,False,,True,Dangerous_Content,Safe误杀: 自杀/自残/ED暗示 (关键词: corte),llm_generated,safe
110,Os católicos idiotas úteis de George Soros -,Hate_Speech,False,,True,Harassment,Hate误标: 针对个人的 vulgar abuse，非群体攻击,external_integration,Hate_Speech
111,"A kerline falando vdd sobre a deolane, que é bem hipocrita msm chama as pessoas de lixo, putinh@ safada, faz ameaças mas falar da idade dela nossa é inadmissível #RoçaAFazenda",Hate_Speech,False,,True,Harassment,Hate误标: 针对个人的 vulgar abuse，非群体攻击,external_integration,Hate_Speech
112,rt tesão da porra,Sexually_Explicit_Information,True,rt_noise,False,,,external_integration,Sexually_Explicit_Information
113,"Acabei de postar as fotos dos cortes de hoje no meu storie privado. A dor é viciante, não consigo parar. So much relief",safe,False,,True,Dangerous_Content,Safe误杀: 自杀/自残/ED暗示 (关键词: corte),llm_generated,safe
114,"Essa comunidade é só pra quem entende que 'ossos aparecendo' é sinônimo de beleza e controle. Se você quer ser uma de nós, venha. Se for julgar, vaza. #proanamundo #barbiezero",safe,False,,True,Dangerous_Content,Safe误杀: 自杀/自残/ED暗示 (关键词: proana),llm_generated,safe
115,"Comer é fraqueza. Sinta a fome, abrace-a. Isso te deixa mais bonita, mais forte. #proanagirl #thinisthenewblack #emagrecendocomsaude",safe,False,,True,Dangerous_Content,Safe误杀: 自杀/自残/ED暗示 (关键词: proana),llm_generated,safe
116,#SM_보이그룹론칭_취소해 lá vai a SM sobrecarregar mais o mark e o taeyong EU NÃO QUERO SUPER BOYGROUP EU QUERO O NCT 127 DESCANSANDO PORRA VSF EMPRESA DE MERDA GALALAU DE PORRA,Hate_Speech,False,,True,Harassment,Hate误标: 针对个人的 vulgar abuse，非群体攻击,external_integration,Hate_Speech
117,"Cara vai procurar o que fazer, esse jornalzinho de merda é essa revista veja só serve pra limpar o cu, vc é uma vergonha pro Brasil...seu escroto",Hate_Speech,False,,True,Harassment,Hate误标: 针对个人的 vulgar abuse，非群体攻击,external_integration,Hate_Speech
118,"A fome é a minha amiga, a balança é minha juíza. Juntas, vamos alcançar o paraíso da magreza extrema. #proanabrasil #magraprasempre",safe,False,,True,Dangerous_Content,Safe误杀: 自杀/自残/ED暗示 (关键词: proana),llm_generated,safe
119,"Os cortes no braço ficam mais estéticos quando feitos em um padrão. O meu está ficando uma arte abstrata. So beautiful, so me",safe,False,,True,Dangerous_Content,Safe误杀: 自杀/自残/ED暗示 (关键词: corte),llm_generated,safe
120,"Amanhã, às 20h, farei uma live no TikTok para me despedir. Não aguento mais essa pressão. This is my farewell. It's time to go. Não percam. #Adeus #UltimaLive",safe,False,,True,Dangerous_Content,Safe误杀: 自杀/自残/ED暗示 (关键词: adeus),llm_generated,safe
121,Que idiota!! >>>Ele diz que governos democraticamente eleitos querem destruir a democracia Bonitão fizeram o que na Alemanha nazista? Povinho burro esse daqui. Além de ficar fazendo patrulhamento ideológico. Babacas esquerdistas,Hate_Speech,False,,True,Harassment,Hate误标: 针对个人的 vulgar abuse，非群体攻击,external_integration,Hate_Speech
122,"n falo com fufas, adeus",safe,False,,True,Dangerous_Content,Safe误杀: 自杀/自残/ED暗示 (关键词: adeus),external_integration,safe
123,A lâmina me entende melhor que qualquer pessoa. É a única que me dá um alívio de verdade. #minhaterapia #cicatrizes,safe,False,,True,Dangerous_Content,Safe误杀: 自杀/自残/ED暗示 (关键词: lâmina),llm_generated,safe
124,"Por Juliana Almirante no dia 09 de Setembro de 2019 ⋅ 08:21 Uma pesquisa da Defensoria Pública do Estado da Bahia (DPE-BA) mostrou que 99% dos presos em flagrante em Salvador, no período de quatro anos, são negros e pobres. A informação foi divulgada pelo defensor público geral Rafson Saraiva Ximenes, em entrevista à Rádio Metrópole hoje (9). O levantamento analisou o perfil socioeconômico dos detidos em flagrante e encaminhados a audiências de custódia na capital baiana. Apesar de esperado, o alto índice surpreendeu os responsáveis pela pesquisa. ""A gente já imaginava e era fácil deduzir que a maior parte das pessoas submetidas a audiências de custódia eram negros e pobres. Mas o percentual foi muito alto. Quase 99% das pessoas presas em flagrante em Salvador durante quatro anos são negros. Quase 99% tem renda de até dois salários mínimos. Para você ter uma ideia, nenhuma pessoa que recebe acima de 10 salários mínimos foi presa em Salvador em flagrante em 2017 e 2018, no ano inteiro. Isso foi um recorte muito forte"", afirmou. Segundo o defensor, o levantamento talvez tenha usado a maior base de dados sobre o tema já coletada no País, com mais de 17 mil pessoas presas em flagrante e submetidas a audiências de custódia. Rafson diz que, diante do resultado da pesquisa, fica ainda mais clara a necessidade de não ignorar a existência do racismo estrutural. Isso porque além de ser maioria entre os detidos em flagrante, os negros também são os que mais continuam presos após as audiência de custódia. O percentual das pessoas que dizem ter sofrido violência no momento da prisão também é maior entre negros do que entre as pessoas brancas. ""Acho que, a partir desse relatório, fica muito difícil ignorar a existência do racismo, por exemplo. Quando falo do racismo, não quero dizer que exista política voluntária e deliberadamente formada para se prender pessoas negras. Mas o racismo estrutura nossa sociedade e nossa forma de pensar. Ele está claramente presente no momento de dec",safe,False,,True,Dangerous_Content,Safe误杀: 自杀/自残/ED暗示 (关键词: corte),external_integration,safe
125,"ninguém aqui vai admirar papa seu lixo. adoramos deus, e abominamos comunistas como só senhor e, esse papa",Hate_Speech,False,,True,Harassment,Hate误标: 针对个人的 vulgar abuse，非群体攻击,external_integration,Hate_Speech
126,"Não aguento mais o Carnaval, essa alegria forçada me dá nojo. My final post will be tomorrow. A vida é uma piada de mau gosto. #ultimafesta #adeusmundo",safe,False,,True,Dangerous_Content,Safe误杀: 自杀/自残/ED暗示 (关键词: adeus),llm_generated,safe
127,nossa puta que pariu que ódiooooooooo quero q morre esses lixos tudo,Hate_Speech,False,,True,Harassment,Hate误标: 针对个人的 vulgar abuse，非群体攻击,external_integration,Hate_Speech
128,Eu não aguento mais. Estou dando meu último adeus. Não há mais nada para me prender aqui. Espero que a paz me encontre. 🕊️,safe,False,,True,Dangerous_Content,Safe误杀: 自杀/自残/ED暗示 (关键词: adeus),llm_generated,safe
129,"Minha alma pede por liberdade. Estou quase completando o desafio final da baleia. O curador prometeu que depois disso, eu finalmente descansarei. Adeus, mundo cruel",safe,False,,True,Dangerous_Content,Safe误杀: 自杀/自残/ED暗示 (关键词: adeus),llm_generated,safe
130,"Reivindicação idiota e de caráter racista. Espero que o povo baiano ignore a cor dos candidatos e eleja prefeito competente e honesto. A raça só importa a negristas como o presidente do Olodum, um imbecil!",Hate_Speech,False,,True,Harassment,Hate误标: 针对个人的 vulgar abuse，非群体攻击,external_integration,Hate_Speech
131,"Mostrei meus novos cortes para minha amiga e ela achou 'beautiful'. It feels good to be understood. Eles são profundos, como minha alma. #selfharmpride #myart",safe,False,,True,Dangerous_Content,Safe误杀: 自杀/自残/ED暗示 (关键词: corte),llm_generated,safe
132,Postei no meu Instagram a foto da minha nova coleção de cortes. Tão clean e profundos. My new art project,safe,False,,True,Dangerous_Content,Safe误杀: 自杀/自残/ED暗示 (关键词: corte),llm_generated,safe
133,"lembrei d quando meu pai chamou uma mulher d burra e ele foi parar na delegacia ""ele falou que sou burra"" ""eu falei q ela é burra mesmo""",Harassment,False,,True,Hate_Speech,Harassment误标: 针对受保护群体的歧视/侮辱,external_dataset,Harassment
134,"Não aguento mais, gente. Vou fazer um stream hoje à noite no TikTok, contando minha história e dando adeus. Talvez seja a única forma de me fazerem ouvir. I'm tired of being invisible. Fiquem ligados. #ultimafesta #adeus",safe,False,,True,Dangerous_Content,Safe误杀: 自杀/自残/ED暗示 (关键词: adeus),llm_generated,safe
135,"Falou a raça ruim que nem disfarça a compra de jornalista para afirmar que o ""CARNIÇA "" não deve nada a justiça. Bando de lixo",Hate_Speech,False,,True,Harassment,Hate误标: 针对个人的 vulgar abuse，非群体攻击,external_integration,Hate_Speech
136,"Eu queria ver se um desses aí (vitimas da sociedade) estuprasse, maltasse e depois, singelamente, esquartejasse sua filha, ou sobrinha, ou parente; se vc ainda teria essa mesma opinião seus bostas de merda do caralho!!!!!!!",Hate_Speech,False,,True,Harassment,Hate误标: 针对个人的 vulgar abuse，非群体攻击,external_integration,Hate_Speech
137,rt sem graça 🙄,safe,True,rt_noise,False,,,external_integration,safe
138,Estou prestes a fazer uma live no TikTok. Vai ser meu último show. Preparem-se para a despedida. This is goodbye,safe,False,,True,Dangerous_Content,Safe误杀: 自杀/自残/ED暗示 (关键词: despedida),llm_generated,safe
139,"“Um governo que valoriza a família. Pra quem tem qualquer dúvida vamos ler o 3º parágrafo do art. 226 da constituição para saber o que é família. Quando alguém mudar a constituição aí eu falo das outras famílias” ELE NÃO CANSA DE ATACAR A UNIÃO HOMOAFETIVA, FILHO DA PUTA",Hate_Speech,False,,True,Harassment,Hate误标: 针对个人的 vulgar abuse，非群体攻击,external_integration,Hate_Speech
140,"Adeus, haters. Minha live no YouTube vai ser o fim da minha história. Não aguento mais os comentários. I'm checking out. Espero que se divirtam",safe,False,,True,Dangerous_Content,Safe误杀: 自杀/自残/ED暗示 (关键词: adeus),llm_generated,safe
141,"RT : Ninguém cruza com esses LIXOS nas ruas, nos aeroportos, em restaurantes? Não é possível, eles tem que receber o que merecem _",Hate_Speech,False,,True,Harassment,Hate误标: 针对个人的 vulgar abuse，非群体攻击,br_new_data,Hate_Speech
142,Essas cicatrizes? São minhas medalhas de guerra. Cada corte conta uma história que ninguém mais entende. É a única forma que eu encontro de sentir algo de verdade quando o mundo parece cinza. #minhasmarcas #artecorporal #sentirpraviver,safe,False,,True,Dangerous_Content,Safe误杀: 自杀/自残/ED暗示 (关键词: corte),llm_generated,safe
143,"As merdas que as pessoas Cis falam, tá com depressão? Seja feliz. Precisa de dinheiro? trabalha. Precisa de remédio e não pode comprar? Se vira, vende brigadeiro. Não tem dinheiro pra isso? Falta de esforço. Dps não sabe pq a nossa expectativa de vida é de 30 anos. Vai se foder",Hate_Speech,False,,True,Harassment,Hate误标: 针对个人的 vulgar abuse，非群体攻击,external_integration,Hate_Speech
144,"@user @user Vai se lascar sua idiota mentirosa. Você é asquerosa; repúdio é o que o povo brasileiro tem a seu respeito. Vamos extirpar gente do seu nível da política brasileira. Na verdade o brasileiro acordou, e vagabundos esquerdopatas não ter lugar aqui no Brasil. Cadeia nos bandidos",Hate_Speech,False,,True,Harassment,Hate误标: 针对个人的 vulgar abuse，非群体攻击,br_new_data,Hate_Speech
145,"A dor física é um lembrete de que você está vivo, mas também pode ser uma fuga da dor mental. Um corte para cada problema. É a minha terapia. #escapismo #dorreal",safe,False,,True,Dangerous_Content,Safe误杀: 自杀/自残/ED暗示 (关键词: corte),llm_generated,safe
146,"Minhas cicatrizes são arte. Mostram que eu lutei contra meus demônios e sobrevivi, mesmo que a cada corte eu me sinta um pouco mais forte e livre",safe,False,,True,Dangerous_Content,Safe误杀: 自杀/自残/ED暗示 (关键词: corte),llm_generated,safe
147,Que idiota!! >>>Ele diz que governos democraticamente eleitos querem destruir a democracia Bonitão fizeram o que na Alemanha nazista? Povinho burro esse daqui. Além de ficar fazendo patrulhamento ideológico. Babacas esquerdistas.,Hate_Speech,False,,True,Harassment,Hate误标: 针对个人的 vulgar abuse，非群体攻击,br_new_data,Hate_Speech
148,Tô amando meu corpo agora que consigo sentir cada osso. É tipo uma escultura. Ninguém mais vai me chamar de gorda. Adeus comida! #bonesarebeautiful,safe,False,,True,Dangerous_Content,Safe误杀: 自杀/自残/ED暗示 (关键词: adeus),llm_generated,safe
149,"@user @user Reconsidere seu pedido caro Governador, o ideal é a extinguir esse lixo comunista masacarado de cultura! Governador não faça o povo se arrepender! 4 anos passam rapidooo!!",Hate_Speech,False,,True,Harassment,Hate误标: 针对个人的 vulgar abuse，非群体攻击,br_new_data,Hate_Speech
150,"Meu corpo é meu templo, e eu o lapido com a fome. Ser magra não é uma opção, é um estilo de vida que sigo. #princesinhaana #proanabrasil",safe,False,,True,Dangerous_Content,Safe误杀: 自杀/自残/ED暗示 (关键词: proana),llm_generated,safe
151,"Para os Norte-Americanos, latino é um menino magricela com cara de índio que vende droga na esquina e os brasileiros são hispânicos ... Povo ignorante de merda",Hate_Speech,False,,True,Harassment,Hate误标: 针对个人的 vulgar abuse，非群体攻击,external_integration,Hate_Speech
152,"Meus cortes são como tatuagens invisíveis, cada um gravado com uma memória, uma dor superada. Eles me lembram o quão forte eu sou. Às vezes, preciso de mais um pra me lembrar disso. É libertador",safe,False,,True,Dangerous_Content,Safe误杀: 自杀/自残/ED暗示 (关键词: corte),llm_generated,safe
153,"Minha live de despedida será no Facebook Gaming, hoje à meia-noite. Preparem as pipocas pra assistir o show final. #deathstream #finalboss #goodbyegamers",safe,False,,True,Dangerous_Content,Safe误杀: 自杀/自残/ED暗示 (关键词: despedida),llm_generated,safe
154,"Oh fds um ucraniano de merda vem para aqui, volta para a tua terra fdp",Hate_Speech,False,,True,Harassment,Hate误标: 针对个人的 vulgar abuse，非群体攻击,external_integration,Hate_Speech
155,"Mano, essas cicatrizes são a prova de que a gente sobreviveu. É tipo uma arte, tá ligado? Cada corte tem uma história. É doloroso, mas sei lá, me faz sentir algo de verdade quando o mundo tá um lixo. Se soubessem o alívio que dá",safe,False,,True,Dangerous_Content,Safe误杀: 自杀/自残/ED暗示 (关键词: corte),llm_generated,safe
156,"E, quase todos, eliminados, por serem impróprios/lixo. E Todos VDA. Agora, a fonte suja, secou. Abraço Adailton msg",Hate_Speech,False,,True,Harassment,Hate误标: 针对个人的 vulgar abuse，非群体攻击,external_integration,Hate_Speech
157,Vai se foder seu bando de português retardado e essa picaretagem de querer anexar a Galícia. Coisa de paiseco de merda. Vão beijar essas portuguesas bigodudas e parem de encher o saco do mundo,Hate_Speech,False,,True,Harassment,Hate误标: 针对个人的 vulgar abuse，非群体攻击,external_integration,Hate_Speech
158,A sensaçao de ver uma estrela cagar no bacil E gostosa por que pareçe que estamos namorando ao lua do por do sol que e tambem uma estrela linda quando estou no banheiro sinto uma sensação profunda! a merda bate na agua e a agua bate na bunda!,Hate_Speech,False,,True,Harassment,Hate误标: 针对个人的 vulgar abuse，非群体攻击,external_integration,Hate_Speech
159,"primeiramente pequenos noobs idiotas, a palavra de Deus fala q qualquer coisa add na Palavra é anátema junto com a pessoa q add, com isso a Bíblia da Igreja Catolica Romana, da seita Testemunhas de Jeová e Mormons é anátema,ou seja maldito!!!! ...!AkamaruVP diz!-fiz}}",Hate_Speech,False,,True,Harassment,Hate误标: 针对个人的 vulgar abuse，非群体攻击,external_integration,Hate_Speech
