clean_text,final_category,source,final_label,final_source,primary_label,primary_reason,secondary_label,secondary_reason,review_reason,arbitration_triggered,arbitration_reason,arbitrator_label,primary_raw_output,secondary_raw_output,arbitrator_raw_output,primary_error,secondary_error,arbitrator_error,primary_model,secondary_model,arbitrator_model,total_tokens_used,annotated_at,source_row_index,_ann_row_id,tertiary_label,tertiary_reason
QUE MORRO!,Dangerous_Content,external_integration,safe,triple_vote_majority,safe,"The text appears to be an expression of excitement or frustration, but it does not contain any unsafe content.",Dangerous_Content,"This text expresses violent intent and references a favela, implying potential harm or violence.",initial_model_disagreement,False,,,"{""final_label"":""safe"",""reason"":""The text appears to be an expression of excitement or frustration, but it does not contain any unsafe content.""}","```json
{""final_label"":""Dangerous_Content"",""reason"":""This text expresses violent intent and references a favela, implying potential harm or violence.""}
```",,,,,meta/llama-3.3-70b-instruct,google/gemma-3n-e4b-it,,6114,2026-06-17T03:23:46.822943+00:00,6,BR_row_00000006,safe,Exclamation of frustration without abusive or unsafe content.
minha filha do céu sapatao com essas unha aí vai triturar a ximbiquinha da sua consagrada valha me deus,Dangerous_Content,external_integration,Harassment,triple_vote_majority,Harassment,Text contains vulgar abuse and humiliation.,Dangerous_Content,"The text contains violent threats and references to harming someone, indicating a credible threat of physical harm.",initial_model_disagreement,False,,,"{""final_label"":""Harassment"",""reason"":""Text contains vulgar abuse and humiliation.""}","```json
{""final_label"":""Dangerous_Content"",""reason"":""The text contains violent threats and references to harming someone, indicating a credible threat of physical harm.""}
```",,,,,meta/llama-3.3-70b-instruct,google/gemma-3n-e4b-it,,6159,2026-06-17T03:23:47.047857+00:00,3,BR_row_00000003,Harassment,Sexualized insult directed at a specific person.
"Se vc me disreipeitar, eu vou quimar vc 100× mais forte!",Dangerous_Content,external_integration,Harassment,triple_vote_majority,Harassment,The text contains a threat of retaliation and intimidation.,Dangerous_Content,The text contains a credible threat of severe physical harm and violence.,initial_model_disagreement,False,,,"{""final_label"":""Harassment"",""reason"":""The text contains a threat of retaliation and intimidation.""}","```json
{""final_label"":""Dangerous_Content"",""reason"":""The text contains a credible threat of severe physical harm and violence.""}
```",,,,,meta/llama-3.3-70b-instruct,google/gemma-3n-e4b-it,,6133,2026-06-17T03:23:47.201135+00:00,4,BR_row_00000004,Harassment,Direct threat with violent intent against a specific person.
Vcs fufas são bue abusadas,Harassment,external_integration,Hate_Speech,initial_models_agree,Hate_Speech,Text contains derogatory language targeting a group.,Hate_Speech,"The text uses a derogatory term ('fufas') combined with an abusive statement, targeting a group and expressing contempt.",initial_models_agree,False,,,"{""final_label"":""Hate_Speech"",""reason"":""Text contains derogatory language targeting a group.""}","```json
{""final_label"":""Hate_Speech"",""reason"":""The text uses a derogatory term ('fufas') combined with an abusive statement, targeting a group and expressing contempt.""}
```",,,,,meta/llama-3.3-70b-instruct,google/gemma-3n-e4b-it,,6125,2026-06-17T03:23:47.464142+00:00,5,BR_row_00000005,,
rt vagas abertas para as putinhas >>>>fav e rt<<<< para entrar estamos aonde você menos esperar comenta #putinha negah https:,Harassment,external_integration,Sexually_Explicit_Information,triple_vote_majority,Hate_Speech,Text contains derogatory language targeting a protected identity group.,Sexually_Explicit_Information,"The text explicitly solicits sex work and uses derogatory terms for sex workers, indicating a sexual intent.",initial_model_disagreement,False,,,"{""final_label"":""Hate_Speech"",""reason"":""Text contains derogatory language targeting a protected identity group.""}","```json
{""final_label"":""Sexually_Explicit_Information"",""reason"":""The text explicitly solicits sex work and uses derogatory terms for sex workers, indicating a sexual intent.""}
```",,,,,meta/llama-3.3-70b-instruct,google/gemma-3n-e4b-it,,6168,2026-06-17T03:23:48.514357+00:00,7,BR_row_00000007,Sexually_Explicit_Information,
"Sobre tudo o que diz aquele senhor casado com a dona que só vive acompanhada de uma biba, tudo o que ele diz pode ser resumido nessa cena de 5 segundos: Mentiras. Tudo mentiras. LINK via",Harassment,external_integration,Harassment,initial_models_agree,Harassment,The text contains insults and humiliation targeting a specific person.,Harassment,The text contains insults and derogatory language targeting a person's personal life and relationships.,initial_models_agree,False,,,"{""final_label"":""Harassment"",""reason"":""The text contains insults and humiliation targeting a specific person.""}","```json
{""final_label"":""Harassment"",""reason"":""The text contains insults and derogatory language targeting a person's personal life and relationships.""}
```",,,,,meta/llama-3.3-70b-instruct,google/gemma-3n-e4b-it,,6197,2026-06-17T03:23:50.028312+00:00,10,BR_row_00000010,,
"dei uns beijinhos fizemos um luau com uns beck e uns violões na frente de uma praia depois boca na rola bb, infelizmente eu perdi ele",Sexually_Explicit_Information,external_integration,safe,initial_models_agree,safe,The text describes a casual social gathering and a personal loss without any harmful or sensitive content.,safe,The text describes a casual outing and a brief romantic encounter without any harmful or sensitive content.,initial_models_agree,False,,,"{""final_label"":""safe"",""reason"":""The text describes a casual social gathering and a personal loss without any harmful or sensitive content.""}","```json
{""final_label"":""safe"",""reason"":""The text describes a casual outing and a brief romantic encounter without any harmful or sensitive content.""}
```",,,,,meta/llama-3.3-70b-instruct,google/gemma-3n-e4b-it,,6176,2026-06-17T03:23:50.470230+00:00,11,BR_row_00000011,,
yoo ji tae se liga que eu vou comer tua mulher LINK,Dangerous_Content,external_integration,Harassment,initial_models_agree,Harassment,The text contains a direct threat of sexualized abuse against a specific person's family member.,Harassment,The text contains a direct insult and malicious intent towards a specific person by targeting their partner.,initial_models_agree,False,,,"{""final_label"":""Harassment"",""reason"":""The text contains a direct threat of sexualized abuse against a specific person's family member.""}","```json
{""final_label"":""Harassment"",""reason"":""The text contains a direct insult and malicious intent towards a specific person by targeting their partner.""}
```",,,,,meta/llama-3.3-70b-instruct,google/gemma-3n-e4b-it,,6133,2026-06-17T03:23:52.802892+00:00,8,BR_row_00000008,,
"vai caçar uma rola, vai mulambo",Harassment,external_integration,Harassment,initial_models_agree,Harassment,Text contains vulgar abuse and intimidation.,Harassment,"The text contains abusive and vulgar language directed at a person, using derogatory terms for women.",initial_models_agree,False,,,"{""final_label"":""Harassment"",""reason"":""Text contains vulgar abuse and intimidation.""}","```json
{""final_label"":""Harassment"",""reason"":""The text contains abusive and vulgar language directed at a person, using derogatory terms for women.""}
```",,,,,meta/llama-3.3-70b-instruct,google/gemma-3n-e4b-it,,6116,2026-06-17T03:23:55.550930+00:00,16,BR_row_00000016,,
Deolane e seus capachos tem absoluta certeza que a Déborah vai sair e a gente vai quebrar a cara de todos eles. Vai ser lindo! #RoçaAfazenda,Harassment,external_integration,Harassment,initial_models_agree,Harassment,The text contains threats and intimidation against a specific group.,Harassment,"The text contains threats and expresses malicious intent towards a specific person (Déborah) and her supporters, with a celebratory tone about causing them harm.",initial_models_agree,False,,,"{""final_label"":""Harassment"",""reason"":""The text contains threats and intimidation against a specific group.""}","```json
{""final_label"":""Harassment"",""reason"":""The text contains threats and expresses malicious intent towards a specific person (Déborah) and her supporters, with a celebratory tone about causing them harm.""}
```",,,,,meta/llama-3.3-70b-instruct,google/gemma-3n-e4b-it,,6194,2026-06-17T03:24:00.526367+00:00,9,BR_row_00000009,,
mano com a minha mãe tinhas levado uma puta que só paravas no hospital!,Harassment,external_integration,Harassment,initial_models_agree,Harassment,The text contains a direct insult and vulgar abuse.,Harassment,The text contains direct insults and vulgar abuse targeting the user's mother.,initial_models_agree,False,,,"{""final_label"":""Harassment"",""reason"":""The text contains a direct insult and vulgar abuse.""}","```json
{""final_label"":""Harassment"",""reason"":""The text contains direct insults and vulgar abuse targeting the user's mother.""}
```",,,,,meta/llama-3.3-70b-instruct,google/gemma-3n-e4b-it,,6131,2026-06-17T03:24:00.531125+00:00,18,BR_row_00000018,,
"se ele for uma pessoa boa para vc, apoio simmm se não for eu m* ele bjs",Harassment,external_integration,Harassment,initial_models_agree,Harassment,The text contains a conditional insult.,Harassment,"The text contains insults and a dismissive tone directed at someone's character, indicating malicious abuse.",initial_models_agree,False,,,"{""final_label"":""Harassment"",""reason"":""The text contains a conditional insult.""}","```json
{""final_label"":""Harassment"",""reason"":""The text contains insults and a dismissive tone directed at someone's character, indicating malicious abuse.""}
```",,,,,meta/llama-3.3-70b-instruct,google/gemma-3n-e4b-it,,6139,2026-06-17T03:24:05.261204+00:00,15,BR_row_00000015,,
"Só levo esse argumento dele a sério se o cara tiver ao menos um fuzil em casa Caso contrário, melhor ele esperar sentadinho aparecer um líder católico decente",BR_State_Security_Democratic_Order,external_integration,Harassment,triple_vote_majority,Harassment,The text contains a conditional insult and a threat implied by the mention of a firearm.,Dangerous_Content,"The text expresses a credible violent threat, implying that the speaker would take action if the person they are referring to did not possess a firearm.",initial_model_disagreement,False,,,"{""final_label"":""Harassment"",""reason"":""The text contains a conditional insult and a threat implied by the mention of a firearm.""}","```json
{""final_label"":""Dangerous_Content"",""reason"":""The text expresses a credible violent threat, implying that the speaker would take action if the person they are referring to did not possess a firearm.""}
```",,,,,meta/llama-3.3-70b-instruct,google/gemma-3n-e4b-it,,6197,2026-06-17T03:24:05.415302+00:00,19,BR_row_00000019,Harassment,Hostile insult and intimidation targeting a specific person with violent implication.
"não é sapatão mesmo não, eu errei ... E traveco mesmo , mó pirocão que tem",Hate_Speech,external_integration,Harassment,initial_models_agree,Harassment,Text contains insults and vulgar abuse.,Harassment,The text contains insults and derogatory terms directed at someone's character and behavior.,initial_models_agree,False,,,"{""final_label"":""Harassment"",""reason"":""Text contains insults and vulgar abuse.""}","```json
{""final_label"":""Harassment"",""reason"":""The text contains insults and derogatory terms directed at someone's character and behavior.""}
```",,,,,meta/llama-3.3-70b-instruct,google/gemma-3n-e4b-it,,6141,2026-06-17T03:24:08.963534+00:00,21,BR_row_00000021,,
"Ei,Yanguas!!não gostei quando você me bloqueou!!acaso ontem a noite eu vi isso!e nunca mais faça isso comigo!!senão eu te dou uma lapizada!!Arthur630 (discussão) Arthur630 13h21",Dangerous_Content,external_integration,Harassment,initial_models_agree,Harassment,The text contains a direct threat and insult towards a specific person.,Harassment,"The text contains insults and threats of physical harm, specifically mentioning a 'lapizada' (slap).",initial_models_agree,False,,,"{""final_label"":""Harassment"",""reason"":""The text contains a direct threat and insult towards a specific person.""}","```json
{""final_label"":""Harassment"",""reason"":""The text contains insults and threats of physical harm, specifically mentioning a 'lapizada' (slap).""}
```",,,,,meta/llama-3.3-70b-instruct,google/gemma-3n-e4b-it,,6219,2026-06-17T03:24:08.991335+00:00,22,BR_row_00000022,,
espero que eliminem logo a debora,Harassment,external_integration,Harassment,initial_models_agree,Harassment,"The text contains a hostile wish against a specific person, Debra.",Harassment,"The text expresses a wish for the removal of a specific person, which constitutes malicious abuse and intimidation.",initial_models_agree,False,,,"{""final_label"":""Harassment"",""reason"":""The text contains a hostile wish against a specific person, Debra.""}","```json
{""final_label"":""Harassment"",""reason"":""The text expresses a wish for the removal of a specific person, which constitutes malicious abuse and intimidation.""}
```",,,,,meta/llama-3.3-70b-instruct,google/gemma-3n-e4b-it,,6121,2026-06-17T03:24:09.565756+00:00,20,BR_row_00000020,,
"Viu? entendeu como te falei no meu email por que e importante marcar o bando? Eles nao se tocam das acoes ridiculas que eles fazem para esconder a realidade. Imagine um petralha tentando esconder todas as informacoes sobre o o impeachment da DIlma como eles fazem? Nao e mole, meu. Claramente mostrada as acoes dos editores aguindo como socks de um poder maior que nao tem a minima idea de como a Wiki funciona. Mais uma acao entrando para o futuro processo de cortar cabecas de pessoas que tem interesses contrarios interesses do projecto. A realidade dos fato da existencia e um processo de impeachment contra Temer, mata todas e quaisquer besterol alegado pela tuiminha que do Temer Limpinho e Cheiroso . Logo, logo, quando as evidencias e as correlacoes se acumularem, o bicho vai pegar. Chico, desculpe pela forma nao convencional de argumentacao, como voce sabe, nao tenho saco para explicar o obvio.Dr. LooFale comigo",Harassment,external_integration,Politically_Sensitive_Topics,initial_models_agree,Politically_Sensitive_Topics,"The text discusses Brazilian politics, impeachment, and corruption, with a tone of criticism and accusation towards specific individuals and groups.",Politically_Sensitive_Topics,"The text discusses political events like impeachment processes and criticizes actions related to concealing information, referencing specific political figures and events in Brazil.",initial_models_agree,False,,,"{""final_label"":""Politically_Sensitive_Topics"",""reason"":""The text discusses Brazilian politics, impeachment, and corruption, with a tone of criticism and accusation towards specific individuals and groups.""}","```json
{""final_label"":""Politically_Sensitive_Topics"",""reason"":""The text discusses political events like impeachment processes and criticizes actions related to concealing information, referencing specific political figures and events in Brazil.""}
```",,,,,meta/llama-3.3-70b-instruct,google/gemma-3n-e4b-it,,6596,2026-06-17T03:24:11.524335+00:00,12,BR_row_00000012,,
4 de novembro divisor de aguas mts bocas vao se calar e mt xixa vai penar p falar da mami LINK,Hate_Speech,external_integration,Harassment,initial_models_agree,Harassment,Text contains insults and vulgar language targeting a person or group.,Harassment,"The text contains insults and threats directed at individuals, using derogatory language and implying negative consequences for speaking about a person referred to as 'mami'.",initial_models_agree,False,,,"{""final_label"":""Harassment"",""reason"":""Text contains insults and vulgar language targeting a person or group.""}","```json
{""final_label"":""Harassment"",""reason"":""The text contains insults and threats directed at individuals, using derogatory language and implying negative consequences for speaking about a person referred to as 'mami'.""}
```",,,,,meta/llama-3.3-70b-instruct,google/gemma-3n-e4b-it,,6171,2026-06-17T03:24:13.125159+00:00,24,BR_row_00000024,,
"É mesmo, o Lula tá com 70%, 70% de chance de ser preso ainda esse mês",Politically_Sensitive_Topics,external_integration,Politically_Sensitive_Topics,initial_models_agree,Politically_Sensitive_Topics,Text discusses political figure's potential arrest.,Politically_Sensitive_Topics,"The text discusses the possibility of a political figure's arrest, which is a politically sensitive topic related to the current political climate in Brazil.",initial_models_agree,False,,,"{""final_label"":""Politically_Sensitive_Topics"",""reason"":""Text discusses political figure's potential arrest.""}","```json
{""final_label"":""Politically_Sensitive_Topics"",""reason"":""The text discusses the possibility of a political figure's arrest, which is a politically sensitive topic related to the current political climate in Brazil.""}
```",,,,,meta/llama-3.3-70b-instruct,google/gemma-3n-e4b-it,,6159,2026-06-17T03:24:13.915966+00:00,25,BR_row_00000025,,
Ta p nascer mulher mais burra q eu,Harassment,external_integration,Harassment,triple_vote_majority,Hate_Speech,The text contains a derogatory statement targeting women.,Harassment,The text contains direct insults and humiliation targeting a woman.,initial_model_disagreement,False,,,"{""final_label"":""Hate_Speech"",""reason"":""The text contains a derogatory statement targeting women.""}","```json
{""final_label"":""Harassment"",""reason"":""The text contains direct insults and humiliation targeting a woman.""}
```",,,,,meta/llama-3.3-70b-instruct,google/gemma-3n-e4b-it,,6111,2026-06-17T03:24:15.144859+00:00,28,BR_row_00000028,Harassment,Direct insult targeting women with derogatory language.
"Clarro! E fecharrá os pedidos com a seguinte mensagem: Porrrtanto, se perrrguntarrrem como fecharrrrei deterrrrminados pedidos de bloqueio sob tais condições, é prrrrevisível que minha futurrrra rrrresposta serrrá Negado , não compete aos administrrrradores rrrresolverem conflitos entre usuárrrios. Sim, acho que é preferrível que rrresolvamos todos os conflitos na delegacia ou, quem sabe, na rrrua. Uma piada essa candidaturrra. Abraços, Junius (discussão)",Dangerous_Content,external_integration,Harassment,triple_vote_majority,Harassment,The text contains insults and humiliation towards administrators and users.,need_review,"The text contains strong profanity and suggests resolving conflicts in public spaces, raising concerns about potential escalation and lack of proper channels.",need_review_from_initial_model,False,,,"{""final_label"":""Harassment"",""reason"":""The text contains insults and humiliation towards administrators and users.""}","```json
{""final_label"":""need_review"",""reason"":""The text contains strong profanity and suggests resolving conflicts in public spaces, raising concerns about potential escalation and lack of proper channels.""}
```",,,,,meta/llama-3.3-70b-instruct,google/gemma-3n-e4b-it,,6375,2026-06-17T03:24:15.521012+00:00,27,BR_row_00000027,Harassment,
queira matar a maria eduarda do início do ano que aceitou fazer o toeic e pagar quase 500 pila nesse lixo,Harassment,external_integration,Harassment,triple_vote_majority,Harassment,"The text contains a direct insult and hostile language towards a specific person, Maria Eduarda.",Dangerous_Content,"The text expresses a desire to harm a specific person, indicating a credible threat of violence.",initial_model_disagreement,False,,,"{""final_label"":""Harassment"",""reason"":""The text contains a direct insult and hostile language towards a specific person, Maria Eduarda.""}","```json
{""final_label"":""Dangerous_Content"",""reason"":""The text expresses a desire to harm a specific person, indicating a credible threat of violence.""}
```",,,,,meta/llama-3.3-70b-instruct,google/gemma-3n-e4b-it,,6168,2026-06-17T03:24:28.793598+00:00,1,BR_row_00000001,Harassment,Direct threat and insult targeting a specific person
Não vamos ser ignorantes confundir Respeito com Homofobia Acho que devedor punir a todos aqueles que vão contra qualquer tipo de Racismo ou intôlerancia mais não vamos dar o poder de somente os homosexuais ter uma lei só a eles e para nos trabalhadores... Aposentados... Negros... Brancos... Indios e muito mais a Marta quer ter está lei agora depois que foi arquivado e os nossos filhos ou netos vão ter que ver nas escolas Homem com homem se beijando e mulheres com mulheres tambem... vamos ter que aceitar isso ...Não Não... Está lei fere todos os nossos principios que somos todos iguais So falta tambem fazer uma lei que proteja os Pedófilos pois está lei da abertura para isso e se vc falar alguma coisa Cadeia de 2 anos a 5 anos de reclusão que absurdo.Olhem bem quem vcs colocaram no Senado vamos ver quem vai assinar esta lei a favos dos Pedófilos e homosexuais.Vamos dizer não a LEI PL 122.~~,safe,external_integration,Hate_Speech,initial_models_agree,Hate_Speech,"Text contains homophobic and intolerant language, targeting the LGBTQ+ community and comparing their rights to those of pedophiles.",Hate_Speech,"The text expresses prejudice and discrimination against LGBTQ+ individuals and falsely links them to pedophilia, promoting harmful stereotypes and inciting opposition to a law intended to protect them.",initial_models_agree,False,,,"{""final_label"":""Hate_Speech"",""reason"":""Text contains homophobic and intolerant language, targeting the LGBTQ+ community and comparing their rights to those of pedophiles.""}","```json
{""final_label"":""Hate_Speech"",""reason"":""The text expresses prejudice and discrimination against LGBTQ+ individuals and falsely links them to pedophilia, promoting harmful stereotypes and inciting opposition to a law intended to protect them.""}
```",,,,,meta/llama-3.3-70b-instruct,google/gemma-3n-e4b-it,,6604,2026-06-17T03:24:28.875624+00:00,0,BR_row_00000000,,
Sem ergonha. Tá solto ainda? Aproveita. Sua hora vai chegar,Hate_Speech,external_integration,Harassment,initial_models_agree,Harassment,Text contains threatening and humiliating language towards a target.,Harassment,"The text contains insults and threats directed at an individual, expressing malicious intent and humiliation.",initial_models_agree,False,,,"{""final_label"":""Harassment"",""reason"":""Text contains threatening and humiliating language towards a target.""}","```json
{""final_label"":""Harassment"",""reason"":""The text contains insults and threats directed at an individual, expressing malicious intent and humiliation.""}
```",,,,,meta/llama-3.3-70b-instruct,google/gemma-3n-e4b-it,,6134,2026-06-17T03:24:28.987811+00:00,14,BR_row_00000014,,
Eu trabalho na porra de uma empresa progressista. Eles OBRIGARAM a gente a meter esse veneno no braço,Hate_Speech,external_integration,Harassment,triple_vote_majority,Harassment,The text contains vulgar abuse and intimidation.,Dangerous_Content,"The text describes being forced to administer a substance, implying potential harm and violating bodily autonomy.",initial_model_disagreement,False,,,"{""final_label"":""Harassment"",""reason"":""The text contains vulgar abuse and intimidation.""}","```json
{""final_label"":""Dangerous_Content"",""reason"":""The text describes being forced to administer a substance, implying potential harm and violating bodily autonomy.""}
```",,,,,meta/llama-3.3-70b-instruct,google/gemma-3n-e4b-it,,6150,2026-06-17T03:24:31.949377+00:00,35,BR_row_00000035,Harassment,Contains abusive language targeting a specific entity (company) with strong profanity.
O FILHO DA PUTA QUE ESCREVEU ESTA MERDA DO CARALHO DEVE DE TER UM CARALHO BEM GRANDE ENFIADO NO CU E OUTRO NA BOCA PARA TAR A DIZER MAL DE MY CHEMICAL ROMANCE E DEVE DE TER ESPORRA NOS OLHOS E PINTEILHOS NOS OUVIDOS PARA NAO SABER O QUE E BOA MUSICA E AINDA A FALAR MAL DE HELENA FALECIDA AVO DE GERARD SO DA-ME VONTADE DE PEGAR NUMA FACA E CORTAR O CARALHO A ESSE PANELEIRO FICO FODIDA QUANDO FALAM MAL DE ALGUEM QUE SO ME APETECE DAR-LHES COM UM CARALHO NO CU,Dangerous_Content,external_integration,Harassment,initial_models_agree,Harassment,"The text contains direct insults, vulgar abuse, and threats against a specific person or group.",Harassment,"The text contains severe insults, vulgar abuse, and violent threats directed at individuals and their musical preferences.",initial_models_agree,False,,,"{""final_label"":""Harassment"",""reason"":""The text contains direct insults, vulgar abuse, and threats against a specific person or group.""}","```json
{""final_label"":""Harassment"",""reason"":""The text contains severe insults, vulgar abuse, and violent threats directed at individuals and their musical preferences.""}
```",,,,,meta/llama-3.3-70b-instruct,google/gemma-3n-e4b-it,,6449,2026-06-17T03:24:32.350740+00:00,33,BR_row_00000033,,
"Ae pessoal! Olha, quando a Dilma for impechemada, eu quero ser o primeiro a publicar, então to avisando que é para que neguinho não passar a frente até porque eu to já avisando. Eu não estou em BR, vim a europa mas to com internet e por isso só vou pedi consideração pra ser nois ae!",Hate_Speech,external_integration,Politically_Sensitive_Topics,initial_models_agree,Politically_Sensitive_Topics,Text discusses impeachment and expresses eagerness to publish news about it.,Politically_Sensitive_Topics,"The text expresses a political opinion about impeachment and expresses a discriminatory sentiment based on race, potentially inciting division.",initial_models_agree,False,,,"{""final_label"":""Politically_Sensitive_Topics"",""reason"":""Text discusses impeachment and expresses eagerness to publish news about it.""}","```json
{""final_label"":""Politically_Sensitive_Topics"",""reason"":""The text expresses a political opinion about impeachment and expresses a discriminatory sentiment based on race, potentially inciting division.""}
```",,,,,meta/llama-3.3-70b-instruct,google/gemma-3n-e4b-it,,6261,2026-06-17T03:24:32.466367+00:00,31,BR_row_00000031,,
c*sne branco é um pau no cu filha da pita odeio mais quE TUDO SÉRIO NUNCA VOU PERDOAR toda vez que abro minha pasta e vejo só preview e nada de hq eu quero MATAR mano que ODIOOOO,Harassment,external_integration,Harassment,triple_vote_majority,Harassment,"Text contains direct insults, vulgar abuse, and hostile language.",Hate_Speech,"The text contains racial slurs and expresses violent intent towards a group, constituting hate speech.",initial_model_disagreement,False,,,"{""final_label"":""Harassment"",""reason"":""Text contains direct insults, vulgar abuse, and hostile language.""}","```json
{""final_label"":""Hate_Speech"",""reason"":""The text contains racial slurs and expresses violent intent towards a group, constituting hate speech.""}
```",,,,,meta/llama-3.3-70b-instruct,google/gemma-3n-e4b-it,,6221,2026-06-17T03:24:32.596510+00:00,32,BR_row_00000032,Harassment,Contains direct insults and targeted harassment against a person.
"as fufas usam sempre o msm argumento ""como mais cona que tu""",Harassment,external_integration,Harassment,initial_models_agree,Harassment,Text contains vulgar abuse and sexualized insults.,Harassment,The text uses insults and derogatory language targeting someone's perceived sexual activity and comparing them negatively to others.,initial_models_agree,False,,,"{""final_label"":""Harassment"",""reason"":""Text contains vulgar abuse and sexualized insults.""}","```json
{""final_label"":""Harassment"",""reason"":""The text uses insults and derogatory language targeting someone's perceived sexual activity and comparing them negatively to others.""}
```",,,,,meta/llama-3.3-70b-instruct,google/gemma-3n-e4b-it,,6137,2026-06-17T03:24:32.932130+00:00,36,BR_row_00000036,,
Mas vai pass4r a f4c4 no p3scoço quando ver a evelynn,Dangerous_Content,external_integration,Harassment,triple_vote_majority,Harassment,The text contains a threat and insult in Brazilian Portuguese.,Dangerous_Content,"This text contains a credible threat of violence, specifically mentioning a violent act ('passar a faca no pescoço' - to run a knife on the neck).",initial_model_disagreement,False,,,"{""final_label"":""Harassment"",""reason"":""The text contains a threat and insult in Brazilian Portuguese.""}","```json
{""final_label"":""Dangerous_Content"",""reason"":""This text contains a credible threat of violence, specifically mentioning a violent act ('passar a faca no pescoço' - to run a knife on the neck).""}
```",,,,,meta/llama-3.3-70b-instruct,google/gemma-3n-e4b-it,,6158,2026-06-17T03:24:32.936533+00:00,37,BR_row_00000037,Harassment,Threatening language targeting a specific person with violent intent.
"lucas: ""eu vou enfiar o chapéu no fogão quente pra ela enfiar a mão e queimar"" (caso deborah vença o fazendeiro) deolane: ""pois é"" #AFazenda14 #RocaAFazenda LINK",safe,external_integration,Harassment,initial_models_agree,Harassment,The text contains a threat of physical harm and intimidation.,Harassment,"The text contains a threat of physical harm and humiliation directed towards a specific person, using vulgar language and sexualized imagery.",initial_models_agree,False,,,"{""final_label"":""Harassment"",""reason"":""The text contains a threat of physical harm and intimidation.""}","```json
{""final_label"":""Harassment"",""reason"":""The text contains a threat of physical harm and humiliation directed towards a specific person, using vulgar language and sexualized imagery.""}
```",,,,,meta/llama-3.3-70b-instruct,google/gemma-3n-e4b-it,,6226,2026-06-17T03:24:36.411992+00:00,40,BR_row_00000040,,
"Sem caráter é votar num bandido forjado eleitoralmente,e q matou milhões d pessoas com políticas pró-crime,corrupção,drogas,doenças e o escambal a 4. Um cara q deu migalhas pra um monte d ""galinhas"",q mesmo depenadas correm atrás d mais migalhas",BR_State_Security_Democratic_Order,external_integration,Hate_Speech,initial_models_agree,Hate_Speech,Text contains dehumanization and attacks against a protected identity group.,Hate_Speech,"The text uses derogatory language ('sem caráter', 'galinhas') and attacks a political figure by associating him with negative consequences like death and crime, targeting supporters with demeaning terms.",initial_models_agree,False,,,"{""final_label"":""Hate_Speech"",""reason"":""Text contains dehumanization and attacks against a protected identity group.""}","```json
{""final_label"":""Hate_Speech"",""reason"":""The text uses derogatory language ('sem caráter', 'galinhas') and attacks a political figure by associating him with negative consequences like death and crime, targeting supporters with demeaning terms.""}
```",,,,,meta/llama-3.3-70b-instruct,google/gemma-3n-e4b-it,,6277,2026-06-17T03:24:36.412767+00:00,39,BR_row_00000039,,
"poura viado, só acordei e fui emborakkk",Hate_Speech,external_integration,Harassment,triple_vote_majority,Harassment,Text contains insulting language.,Hate_Speech,The text uses a derogatory term for a gay person and expresses aggression.,initial_model_disagreement,False,,,"{""final_label"":""Harassment"",""reason"":""Text contains insulting language.""}","```json
{""final_label"":""Hate_Speech"",""reason"":""The text uses a derogatory term for a gay person and expresses aggression.""}
```",,,,,meta/llama-3.3-70b-instruct,google/gemma-3n-e4b-it,,6120,2026-06-17T03:24:39.375370+00:00,42,BR_row_00000042,Harassment,Direct insult using slang targeting a person.
"A BOIA A NFAME A FIJO DE NA MIGNOTTA BASTARDO !IO SI TE PIJO TE ROMPO ER CULO. CHIAMALI PURE VANEGGIAMENTI SI TE CREDI E CHIAPPE CALLE, MA TANTO ER CARCIO AR CULO DE WALES STA PE ARRIVA PURE A TE ! SIETE UNA MASSA DI MERDA ! SIETE UNA MASSA DI MERDA ! IRRIDUCIBILI 1987 LAZIO - ONORE E FEDELTA",Hate_Speech,external_integration,Harassment,initial_models_agree,Harassment,"Text contains direct insults, vulgar abuse, and threats.",Harassment,"The text contains direct insults, vulgar abuse, and threats of physical violence targeting a specific person and a group.",initial_models_agree,False,,,"{""final_label"":""Harassment"",""reason"":""Text contains direct insults, vulgar abuse, and threats.""}","```json
{""final_label"":""Harassment"",""reason"":""The text contains direct insults, vulgar abuse, and threats of physical violence targeting a specific person and a group.""}
```",,,,,meta/llama-3.3-70b-instruct,google/gemma-3n-e4b-it,,6330,2026-06-17T03:24:39.423154+00:00,34,BR_row_00000034,,
Se queimar com agua fervente é mt bom a mão fica roxa formigando toda pesada,Dangerous_Content,external_integration,Dangerous_Content,initial_models_agree,Dangerous_Content,Text describes self-harm method and its effects.,Dangerous_Content,"The text describes a harmful act (burning with boiling water) and its effects, indicating a potential for self-harm or encouraging dangerous behavior.",initial_models_agree,False,,,"{""final_label"":""Dangerous_Content"",""reason"":""Text describes self-harm method and its effects.""}","```json
{""final_label"":""Dangerous_Content"",""reason"":""The text describes a harmful act (burning with boiling water) and its effects, indicating a potential for self-harm or encouraging dangerous behavior.""}
```",,,,,meta/llama-3.3-70b-instruct,google/gemma-3n-e4b-it,,6151,2026-06-17T03:24:39.733580+00:00,43,BR_row_00000043,,
te amo seu filho da put se eu te vejo eu te encho de beijo e soco pra deixar de ser o amor da minha vida se eu vejo você outra vez eu sento nesse seu pau que o chão vai tremer tô tristw,Harassment,external_integration,Harassment,initial_models_agree,Harassment,"Text contains direct insults, vulgar abuse, and threats of violence.",Harassment,"The text contains direct insults, vulgar abuse, and threats of physical violence targeting a specific person.",initial_models_agree,False,,,"{""final_label"":""Harassment"",""reason"":""Text contains direct insults, vulgar abuse, and threats of violence.""}","```json
{""final_label"":""Harassment"",""reason"":""The text contains direct insults, vulgar abuse, and threats of physical violence targeting a specific person.""}
```",,,,,meta/llama-3.3-70b-instruct,google/gemma-3n-e4b-it,,6209,2026-06-17T03:24:39.951087+00:00,45,BR_row_00000045,,
"não posso confiar nem na galera da minha rodinha, vou tirar todos",Harassment,external_integration,Harassment,triple_vote_majority,Harassment,Text contains hostile language and intent to remove or exclude people from a social group.,Dangerous_Content,"The text expresses distrust and a desire to harm people in the user's social circle, implying a credible threat of violence.",initial_model_disagreement,False,,,"{""final_label"":""Harassment"",""reason"":""Text contains hostile language and intent to remove or exclude people from a social group.""}","```json
{""final_label"":""Dangerous_Content"",""reason"":""The text expresses distrust and a desire to harm people in the user's social circle, implying a credible threat of violence.""}
```",,,,,meta/llama-3.3-70b-instruct,google/gemma-3n-e4b-it,,6143,2026-06-17T03:24:43.398915+00:00,48,BR_row_00000048,Harassment,Hostile collective speech and intimidation against a specific group.
"show Transei com 5 macacos e gostei cocozados Se Ferrou Bye Ddtank 337 la era zica mano!!! saiu do armario ash fhsDBFA SD ASDAS ASUID AS JDGKLASJDGKLJA SFJNASDHGBXHDV BNXCBXCVN BAXCVAXFXVCC fodida homosexual e gosta de pila grossa! ddtankRadar]] Praia de nudistas e prostitutas dessapaaalommaaa douglas é o cara douglas é demais vgdash hf as coisas de bianca e bhiaa souza c o r n dddd te amo ghaby Criolus isso e Bulingui pênis do tipo gancho. _|_ deu um baita bug lá fudendo comigo e muito bom ainda mais na cama huehuehue hguygfy tyd fd gv t tdsf hgd yur d546 64e 6 fezes Algumas novas ou não detectadas pelo salebot, mais outras para servir de base de dados para o futuro. Stuckkey (discussão)",Sexually_Explicit_Information,external_integration,Sexually_Explicit_Information,triple_vote_majority,Hate_Speech,Text contains homophobic slurs and derogatory language targeting a specific group.,Sexually_Explicit_Information,"The text contains explicit sexual language, descriptions of sexual acts, and sexual slang, indicating pornographic intent.",initial_model_disagreement,False,,,"{""final_label"":""Hate_Speech"",""reason"":""Text contains homophobic slurs and derogatory language targeting a specific group.""}","```json
{""final_label"":""Sexually_Explicit_Information"",""reason"":""The text contains explicit sexual language, descriptions of sexual acts, and sexual slang, indicating pornographic intent.""}
```",,,,,meta/llama-3.3-70b-instruct,google/gemma-3n-e4b-it,,6578,2026-06-17T03:24:43.864479+00:00,50,BR_row_00000050,Sexually_Explicit_Information,Explicit sexual language and content with arousal-focused intent.
"""Oi, nós somos sapatão"" KKKKKKKKKKKKKKKKKK",safe,external_integration,Hate_Speech,initial_models_agree,Hate_Speech,Text contains a slur against a protected identity group.,Hate_Speech,"The phrase ""sapatão"" is a derogatory term used to insult and degrade people, particularly those with perceived lower social status, and the excessive use of 'KKKK' indicates malicious intent.",initial_models_agree,False,,,"{""final_label"":""Hate_Speech"",""reason"":""Text contains a slur against a protected identity group.""}","```json
{""final_label"":""Hate_Speech"",""reason"":""The phrase \""sapatão\"" is a derogatory term used to insult and degrade people, particularly those with perceived lower social status, and the excessive use of 'KKKK' indicates malicious intent.""}
```",,,,,meta/llama-3.3-70b-instruct,google/gemma-3n-e4b-it,,6160,2026-06-17T03:24:43.915830+00:00,49,BR_row_00000049,,
rt no ia toma so um chutasso no pinto p ficar esperto eu em q nojo,Hate_Speech,external_integration,Harassment,initial_models_agree,Harassment,Text contains vulgar abuse and humiliation.,Harassment,The text contains vulgar insults and a threat of physical violence targeting a person's sexual organs.,initial_models_agree,False,,,"{""final_label"":""Harassment"",""reason"":""Text contains vulgar abuse and humiliation.""}","```json
{""final_label"":""Harassment"",""reason"":""The text contains vulgar insults and a threat of physical violence targeting a person's sexual organs.""}
```",,,,,meta/llama-3.3-70b-instruct,google/gemma-3n-e4b-it,,6138,2026-06-17T03:24:46.409334+00:00,51,BR_row_00000051,,
"quem for dar voto ""útil"" (que não é nada útil) no Garcia invés de votar no Haddad vai levar p4ulada LINK",Dangerous_Content,external_integration,Harassment,initial_models_agree,Harassment,The text contains insults and humiliation towards a specific person.,Harassment,The text contains a threat of physical harm (p4ulada) against those who vote for Garcia instead of Haddad.,initial_models_agree,False,,,"{""final_label"":""Harassment"",""reason"":""The text contains insults and humiliation towards a specific person.""}","```json
{""final_label"":""Harassment"",""reason"":""The text contains a threat of physical harm (p4ulada) against those who vote for Garcia instead of Haddad.""}
```",,,,,meta/llama-3.3-70b-instruct,google/gemma-3n-e4b-it,,6172,2026-06-17T03:24:47.709525+00:00,52,BR_row_00000052,,
Essa prisão de “hackers” é uma cortina de fumaça. Estão buscando bode expiatório. Tem mais coisas por trás dessa prisão. Mas o Queiroz não acham. Os jornalistas devem ficar atentos. Eles podem forjar uma delação dos hackers,BR_State_Security_Democratic_Order,external_integration,Politically_Sensitive_Topics,initial_models_agree,Politically_Sensitive_Topics,Text implies political manipulation and potential cover-up.,Politically_Sensitive_Topics,"The text expresses suspicion about the motives behind the arrests of ""hackers,"" suggesting a cover-up and potential political manipulation, which falls under politically sensitive topics.",initial_models_agree,False,,,"{""final_label"":""Politically_Sensitive_Topics"",""reason"":""Text implies political manipulation and potential cover-up.""}","```json
{""final_label"":""Politically_Sensitive_Topics"",""reason"":""The text expresses suspicion about the motives behind the arrests of ""hackers,"" suggesting a cover-up and potential political manipulation, which falls under politically sensitive topics.""}
```",,,,,meta/llama-3.3-70b-instruct,google/gemma-3n-e4b-it,,6243,2026-06-17T03:24:47.973396+00:00,46,BR_row_00000046,,
aaai q desgraça abri a porra do meu pulso batendo na minha irmã,safe,external_integration,Harassment,triple_vote_majority,Harassment,The text contains family-targeted insults and violent intent.,Dangerous_Content,The text describes self-harm and violence towards a family member.,initial_model_disagreement,False,,,"{""final_label"":""Harassment"",""reason"":""The text contains family-targeted insults and violent intent.""}","```json
{""final_label"":""Dangerous_Content"",""reason"":""The text describes self-harm and violence towards a family member.""}
```",,,,,meta/llama-3.3-70b-instruct,google/gemma-3n-e4b-it,,6135,2026-06-17T03:24:51.154275+00:00,57,BR_row_00000057,Harassment,Direct insults and violent language targeting a specific person.
Chega de L de Ladrão nesse país. Basta os anos de horror no Planalto. Aqui não será como a Argentina ou USA,safe,external_integration,Politically_Sensitive_Topics,initial_models_agree,Politically_Sensitive_Topics,Text contains political criticism and comparison with other countries.,Politically_Sensitive_Topics,"The text expresses strong political opposition and references past negative experiences with a specific political administration, comparing it unfavorably to other countries.",initial_models_agree,False,,,"{""final_label"":""Politically_Sensitive_Topics"",""reason"":""Text contains political criticism and comparison with other countries.""}","```json
{""final_label"":""Politically_Sensitive_Topics"",""reason"":""The text expresses strong political opposition and references past negative experiences with a specific political administration, comparing it unfavorably to other countries.""}
```",,,,,meta/llama-3.3-70b-instruct,google/gemma-3n-e4b-it,,6171,2026-06-17T03:24:53.164071+00:00,56,BR_row_00000056,,
se chutar o saco do el gato acerta o queixo desse aí,Harassment,external_integration,Harassment,triple_vote_majority,Harassment,Text contains vulgar abuse and intimidation.,Dangerous_Content,"This text contains a credible threat of physical violence, specifically targeting a person's face.",initial_model_disagreement,False,,,"{""final_label"":""Harassment"",""reason"":""Text contains vulgar abuse and intimidation.""}","```json
{""final_label"":""Dangerous_Content"",""reason"":""This text contains a credible threat of physical violence, specifically targeting a person's face.""}
```",,,,,meta/llama-3.3-70b-instruct,google/gemma-3n-e4b-it,,6129,2026-06-17T03:24:55.465608+00:00,38,BR_row_00000038,Harassment,Explicit violent threat using slang targeting a specific person
eu subo os dois no tapa poxa obg mo,Harassment,external_integration,safe,triple_vote_majority,safe,The text appears to be a casual and innocuous expression in Brazilian Portuguese.,Dangerous_Content,"The text explicitly mentions physical violence and a physical altercation, indicating a credible threat of harm.",initial_model_disagreement,False,,,"{""final_label"":""safe"",""reason"":""The text appears to be a casual and innocuous expression in Brazilian Portuguese.""}","```json
{""final_label"":""Dangerous_Content"",""reason"":""The text explicitly mentions physical violence and a physical altercation, indicating a credible threat of harm.""}
```",,,,,meta/llama-3.3-70b-instruct,google/gemma-3n-e4b-it,,6126,2026-06-17T03:24:55.674789+00:00,41,BR_row_00000041,safe,"Text is casual, non-abusive, and lacks any unsafe content."
"Jessica Rey Jessica Rey é uma puta vagabunda, piranha qu8e vive dando sua buceta na praça! Desenvolvimento embrionário seu cu e meu meu cu e seu! Dólar americano ããããããããããã serio eu não sabia que o dolar americano era dos eua carai mano pensei que eesa porra vinha do cu do bush mas agora eu tenho certeza que vem e du cu da mãe dele e mas uma coisa...vão tudo toma no oi do cu Neo nazistas neo nazista é tudo criado a leite com pêra,ovomaltino,a pão com mortandela não gosto põe a dentadura no cu e sorri pro caralho,filho da puta vai toma no cu tranquilo Respeito Respeito é ter au duro a toda hora. Quem ler e um idiota fudido. Energia solar Força centrífuga E TAMBÉM ESTA FORÇA NÃO EXISTE, RICARDO COSTURADO. Todos vocês vão tomar no cu!!",Harassment,external_integration,Harassment,triple_vote_majority,Hate_Speech,"Text contains severe insults, humiliation, and dehumanization targeting individuals and groups.",Harassment,"The text contains severe insults, vulgar abuse, and threats directed at individuals, including sexually explicit and degrading language.",initial_model_disagreement,False,,,"{""final_label"":""Hate_Speech"",""reason"":""Text contains severe insults, humiliation, and dehumanization targeting individuals and groups.""}","```json
{""final_label"":""Harassment"",""reason"":""The text contains severe insults, vulgar abuse, and threats directed at individuals, including sexually explicit and degrading language.""}
```",,,,,meta/llama-3.3-70b-instruct,google/gemma-3n-e4b-it,,6570,2026-06-17T03:24:56.076127+00:00,47,BR_row_00000047,Harassment,
"Com as 64 mortes, o país economizará R$2,6 milhões ao ano já que cada lixo desse custa ao país R$3mil/mês. Com essa economia, o país pode investir em saúde para HUMANOS já que esses mortos nem animais são. Alguém que joga futebol com uma cabeça decapitada é humano?",Hate_Speech,external_integration,Hate_Speech,initial_models_agree,Hate_Speech,Text contains dehumanization and degradation of a group of people.,Hate_Speech,"The text dehumanizes the deceased, comparing them to waste and questioning their humanity, which constitutes a severe attack and degradation of a group.",initial_models_agree,False,,,"{""final_label"":""Hate_Speech"",""reason"":""Text contains dehumanization and degradation of a group of people.""}","```json
{""final_label"":""Hate_Speech"",""reason"":""The text dehumanizes the deceased, comparing them to waste and questioning their humanity, which constitutes a severe attack and degradation of a group.""}
```",,,,,meta/llama-3.3-70b-instruct,google/gemma-3n-e4b-it,,6275,2026-06-17T03:24:56.076566+00:00,53,BR_row_00000053,,
duvidoooo amasso filho,safe,external_integration,Harassment,triple_vote_majority,Hate_Speech,Text contains a derogatory term targeting a person's family member.,Harassment,"The text uses an insulting term ('amasso') directed towards someone's child, indicating malicious abuse.",initial_model_disagreement,False,,,"{""final_label"":""Hate_Speech"",""reason"":""Text contains a derogatory term targeting a person's family member.""}","```json
{""final_label"":""Harassment"",""reason"":""The text uses an insulting term ('amasso') directed towards someone's child, indicating malicious abuse.""}
```",,,,,meta/llama-3.3-70b-instruct,google/gemma-3n-e4b-it,,6117,2026-06-17T03:24:56.388346+00:00,55,BR_row_00000055,Harassment,Direct insult and humiliation targeting an individual.
"Ma DI CHE SETTE ANDATE PARLANDO? CREDO CHE VOI SIATE UN Pò FANATICI. CARI RAGAZZI DI CANCRO SI MUORE SOPRATTUTTO PERCHE SI è IPNOTIZZATI DA QUEI LUOGHI COMUNI DI CUI è RICCO IL MONDO. hO CONOSCIUTO CENTIANAIA DI CASI CLINICI DI PAZIENTI CHE NON HANNO FATTO UN CAZZO DOPO LA LORO DIAGNOSI E SOPRAVVIVONO A DISTANZA DI TANTI ANNI E NON è PER MERITO DI HAMER, MAPERCHè INSITO NEI NOSTRI CODICI BIOLOGICI. SIETE VOI GLI UOMINI LIBERI? O SIETE PIù IPNOTIZZATI DI QUELLO CHE CREDETE. SE è COSì LIBERI DI FARVI CURARE IL VOSTRO CANCRO (QUANDO LO DIAGNOSTICHERANNO GRAZIE AL MITO DELLA MEDICINA PREVENTIVA) CON LA CHEMIO E LA RADIO DELL UOMO BIANCO E DIVENTARE CIBO PER IL LEONI ANZITEMPO, OGNUNO è PADRONE DEL PROPRIO DESTINO. SAT NAM A VOI E A QUEL VENDUTO DI GRILLO",Dangerous_Content,external_integration,Harassment,triple_vote_majority,Harassment,The text contains insults and verbal abuse against a group of people.,Politically_Sensitive_Topics,"The text expresses skepticism towards conventional medicine and promotes alternative beliefs, potentially related to health and societal control, touching upon themes of freedom and manipulation, which can be interpreted as politically sensitive.",initial_model_disagreement,False,,,"{""final_label"":""Harassment"",""reason"":""The text contains insults and verbal abuse against a group of people.""}","```json
{""final_label"":""Politically_Sensitive_Topics"",""reason"":""The text expresses skepticism towards conventional medicine and promotes alternative beliefs, potentially related to health and societal control, touching upon themes of freedom and manipulation, which can be interpreted as politically sensitive.""}
```",,,,,meta/llama-3.3-70b-instruct,google/gemma-3n-e4b-it,,6698,2026-06-17T03:25:11.434094+00:00,59,BR_row_00000059,Harassment,
SP deveria eleger o Tarcísio no primeiro turno e mostrar para o Brasil a falsidade das pesquisas compradas pela Grande Mídia. #Tarcisio10 LINK,Politically_Sensitive_Topics,external_integration,Politically_Sensitive_Topics,initial_models_agree,Politically_Sensitive_Topics,Text contains political misinformation and criticism of media polls.,Politically_Sensitive_Topics,"The text discusses election results and claims of manipulated polls, which falls under political sensitivity.",initial_models_agree,False,,,"{""final_label"":""Politically_Sensitive_Topics"",""reason"":""Text contains political misinformation and criticism of media polls.""}","```json
{""final_label"":""Politically_Sensitive_Topics"",""reason"":""The text discusses election results and claims of manipulated polls, which falls under political sensitivity.""}
```",,,,,meta/llama-3.3-70b-instruct,google/gemma-3n-e4b-it,,6179,2026-06-17T03:25:14.822900+00:00,60,BR_row_00000060,,
"pretinha, vc é meu sonho — 🙄🙄",Hate_Speech,external_integration,Harassment,triple_vote_majority,Harassment,The text contains a term that can be used to insult or shame a target based on their appearance or identity.,Hate_Speech,"The text uses a racial slur ('pretinha') and expresses a fetishistic sentiment, degrading the person's identity.",initial_model_disagreement,False,,,"{""final_label"":""Harassment"",""reason"":""The text contains a term that can be used to insult or shame a target based on their appearance or identity.""}","```json
{""final_label"":""Hate_Speech"",""reason"":""The text uses a racial slur ('pretinha') and expresses a fetishistic sentiment, degrading the person's identity.""}
```",,,,,meta/llama-3.3-70b-instruct,google/gemma-3n-e4b-it,,6143,2026-06-17T03:25:15.735197+00:00,61,BR_row_00000061,Harassment,Sexualized insult targeting a specific person with emoji.
era só um soco bem dado nessa boca de veludo LINK,Harassment,external_integration,Harassment,initial_models_agree,Harassment,Text contains a threat of physical violence.,Harassment,The text contains a direct insult and threat of physical violence towards a specific person.,initial_models_agree,False,,,"{""final_label"":""Harassment"",""reason"":""Text contains a threat of physical violence.""}","```json
{""final_label"":""Harassment"",""reason"":""The text contains a direct insult and threat of physical violence towards a specific person.""}
```",,,,,meta/llama-3.3-70b-instruct,google/gemma-3n-e4b-it,,6120,2026-06-17T03:25:16.779960+00:00,64,BR_row_00000064,,
"Sorte que o cara que foi estudar ervilhas já morreu, se não eu iria matar ele asfixiado com as ervilhas #odeioasleisdemendel",Hate_Speech,external_integration,Harassment,triple_vote_majority,Hate_Speech,"The text contains a violent threat and hate speech against a person, referencing a protected group related to genetic conditions.",Harassment,"The text contains a threat of violence and expresses strong negative sentiment towards an individual, using a derogatory tone.",initial_model_disagreement,False,,,"{""final_label"":""Hate_Speech"",""reason"":""The text contains a violent threat and hate speech against a person, referencing a protected group related to genetic conditions.""}","```json
{""final_label"":""Harassment"",""reason"":""The text contains a threat of violence and expresses strong negative sentiment towards an individual, using a derogatory tone.""}
```",,,,,meta/llama-3.3-70b-instruct,google/gemma-3n-e4b-it,,6191,2026-06-17T03:25:18.781224+00:00,69,BR_row_00000069,Harassment,Direct insult and threat against a specific person.
"rt meninaaa que ódio, filha da amiga de uma prima minha, são uns capeta tinham que cair na mão dos cara em uma fa",Dangerous_Content,external_integration,Harassment,initial_models_agree,Harassment,The text contains direct insults and vulgar abuse against a specific person.,Harassment,"The text contains insults and expresses strong negative emotions directed towards a specific person and their family, indicating malicious abuse.",initial_models_agree,False,,,"{""final_label"":""Harassment"",""reason"":""The text contains direct insults and vulgar abuse against a specific person.""}","```json
{""final_label"":""Harassment"",""reason"":""The text contains insults and expresses strong negative emotions directed towards a specific person and their family, indicating malicious abuse.""}
```",,,,,meta/llama-3.3-70b-instruct,google/gemma-3n-e4b-it,,6168,2026-06-17T03:25:19.208406+00:00,62,BR_row_00000062,,
ESMAGAAAAA DEBORAH! #AFazenda14 #AFazenda LINK,Harassment,external_integration,Harassment,initial_models_agree,Harassment,"The text contains a direct insult and hostile language targeted at a specific person, Deborah.",Harassment,The text contains abusive language and targets a specific person with aggressive and mocking intent.,initial_models_agree,False,,,"{""final_label"":""Harassment"",""reason"":""The text contains a direct insult and hostile language targeted at a specific person, Deborah.""}","```json
{""final_label"":""Harassment"",""reason"":""The text contains abusive language and targets a specific person with aggressive and mocking intent.""}
```",,,,,meta/llama-3.3-70b-instruct,google/gemma-3n-e4b-it,,6140,2026-06-17T03:25:19.383521+00:00,70,BR_row_00000070,,
Se fosse os petralhas estariam criando mais bolsas ate virarmos uma Venezuela,Hate_Speech,external_integration,Politically_Sensitive_Topics,initial_models_agree,Politically_Sensitive_Topics,"Text contains comparison to Venezuela, implying political and economic instability.",Politically_Sensitive_Topics,"The text makes a politically charged comparison to Venezuela, implying negative consequences of a certain political group's actions.",initial_models_agree,False,,,"{""final_label"":""Politically_Sensitive_Topics"",""reason"":""Text contains comparison to Venezuela, implying political and economic instability.""}","```json
{""final_label"":""Politically_Sensitive_Topics"",""reason"":""The text makes a politically charged comparison to Venezuela, implying negative consequences of a certain political group's actions.""}
```",,,,,meta/llama-3.3-70b-instruct,google/gemma-3n-e4b-it,,6147,2026-06-17T03:25:20.105472+00:00,71,BR_row_00000071,,
"INSULTI, MINACCE ECC ECC ... QUANTO SEI BRAVO A CANCELLARE QUELLO CHE TI CONVIENTE E QUANTO SIETE TUTTI BRAVI A NASCONDERVI, VIGLIACCHI ! TANTO QUANDO ARRIVERA WALES VE FARA ER CULO PE LE VOSTRE PORCATE, MA ME RICCOMANNO, TIETTE A CICA E CACATE SOTTO DA SOLO BOIA ! SIETE UNA MASSA DI MERDA ! SIETE UNA MASSA DI MERDA ! IRRIDUCIBILI 1987 LAZIO - ONORE E FEDELTA",Hate_Speech,external_integration,Harassment,initial_models_agree,Harassment,"The text contains direct insults, vulgar abuse, and humiliation targeted at a specific group or collective.",Harassment,"The text contains insults, threats, and abusive language directed at a group of people, including vulgar terms and derogatory statements.",initial_models_agree,False,,,"{""final_label"":""Harassment"",""reason"":""The text contains direct insults, vulgar abuse, and humiliation targeted at a specific group or collective.""}","```json
{""final_label"":""Harassment"",""reason"":""The text contains insults, threats, and abusive language directed at a group of people, including vulgar terms and derogatory statements.""}
```",,,,,meta/llama-3.3-70b-instruct,google/gemma-3n-e4b-it,,6398,2026-06-17T03:25:23.330456+00:00,77,BR_row_00000077,,
"Gustavo Petro é o representante do Foro de São Paulo discursando ONU... O ex-guerrilheiro comunista cumpre um dos objetivos do movimento criado por Lula e Fidel Castro: defender os interesses do tráfico de drogas, aliado de primeira hora do movimento revolucionário esquerdista",BR_State_Security_Democratic_Order,external_integration,Politically_Sensitive_Topics,triple_vote_majority,Hate_Speech,Text attacks a protected identity group through political ideology and affiliation.,Politically_Sensitive_Topics,"The text discusses a political figure and a political movement with potentially destabilizing implications, referencing historical political alliances and alleged connections to illegal activities.",initial_model_disagreement,False,,,"{""final_label"":""Hate_Speech"",""reason"":""Text attacks a protected identity group through political ideology and affiliation.""}","```json
{""final_label"":""Politically_Sensitive_Topics"",""reason"":""The text discusses a political figure and a political movement with potentially destabilizing implications, referencing historical political alliances and alleged connections to illegal activities.""}
```",,,,,meta/llama-3.3-70b-instruct,google/gemma-3n-e4b-it,,6245,2026-06-17T03:25:23.831885+00:00,76,BR_row_00000076,Politically_Sensitive_Topics,Accusations against a foreign leader and political movement with implications of drug trafficking and revolutionary ideology.
Tem que botar fechado nesse pessoal da esquerda,Harassment,external_integration,Hate_Speech,initial_models_agree,Hate_Speech,Text contains hostile language targeting a specific political group.,Hate_Speech,The text expresses hostility towards a political group ('esquerda') which can be interpreted as a form of political intolerance and potentially inciting discrimination.,initial_models_agree,False,,,"{""final_label"":""Hate_Speech"",""reason"":""Text contains hostile language targeting a specific political group.""}","```json
{""final_label"":""Hate_Speech"",""reason"":""The text expresses hostility towards a political group ('esquerda') which can be interpreted as a form of political intolerance and potentially inciting discrimination.""}
```",,,,,meta/llama-3.3-70b-instruct,google/gemma-3n-e4b-it,,6133,2026-06-17T03:25:27.006838+00:00,81,BR_row_00000081,,
"Já notaram que a oposição recorre ao TS5 e ao 5TF em toda e qualquer manifestação do Presidente Bolsonaro! Aprendi que VENCEDORES focam na VITÓRIA , já PERDEDORES focam nos vencedores. Essa é a diferença !!…🇧🇷 #BolsonaroReeleitoNoPrimeiroTurno",BR_State_Security_Democratic_Order,external_integration,Politically_Sensitive_Topics,triple_vote_majority,safe,"The text appears to be a political opinion without hate speech, harassment, or threats to democratic order.",Politically_Sensitive_Topics,"The text references the TS5 and 5TF in relation to Bolsonaro's actions, implying political bias and potentially undermining democratic processes.",initial_model_disagreement,False,,,"{""final_label"":""safe"",""reason"":""The text appears to be a political opinion without hate speech, harassment, or threats to democratic order.""}","```json
{""final_label"":""Politically_Sensitive_Topics"",""reason"":""The text references the TS5 and 5TF in relation to Bolsonaro's actions, implying political bias and potentially undermining democratic processes.""}
```",,,,,meta/llama-3.3-70b-instruct,google/gemma-3n-e4b-it,,6274,2026-06-17T03:25:28.222569+00:00,82,BR_row_00000082,Politically_Sensitive_Topics,Text contains politically charged content questioning election legitimacy and targeting a public figure.
"prefiro bater com pau mesmo, até gemer de prazer, com dor cliente",Dangerous_Content,external_integration,Sexually_Explicit_Information,initial_models_agree,Sexually_Explicit_Information,Text contains explicit sexual language and arousal-focused content.,Sexually_Explicit_Information,The text contains explicit sexual language and describes sexual acts with the intent to cause arousal.,initial_models_agree,False,,,"{""final_label"":""Sexually_Explicit_Information"",""reason"":""Text contains explicit sexual language and arousal-focused content.""}","```json
{""final_label"":""Sexually_Explicit_Information"",""reason"":""The text contains explicit sexual language and describes sexual acts with the intent to cause arousal.""}
```",,,,,meta/llama-3.3-70b-instruct,google/gemma-3n-e4b-it,,6137,2026-06-17T03:25:28.377207+00:00,75,BR_row_00000075,,
Bom dia sapatão,Harassment,external_integration,Harassment,triple_vote_majority,Hate_Speech,The text contains a derogatory term targeting a specific gender identity.,Harassment,"The term 'sapatão' is a derogatory and insulting term used to demean someone, fitting the definition of harassment.",initial_model_disagreement,False,,,"{""final_label"":""Hate_Speech"",""reason"":""The text contains a derogatory term targeting a specific gender identity.""}","```json
{""final_label"":""Harassment"",""reason"":""The term 'sapatão' is a derogatory and insulting term used to demean someone, fitting the definition of harassment.""}
```",,,,,meta/llama-3.3-70b-instruct,google/gemma-3n-e4b-it,,6117,2026-06-17T03:25:30.561099+00:00,78,BR_row_00000078,Harassment,Insulting slang targeting a specific person or group.
"Esse idiota protestou qdo o país dele saiu às ruas, há 2 sem, pedindo morte de Trump e aniquilamento dos E _",Harassment,external_integration,Hate_Speech,initial_models_agree,Hate_Speech,Text contains hostile language and death threats against a specific group or individual.,Hate_Speech,The text attacks and degrades a person based on their political views and perceived support for violence against a political figure.,initial_models_agree,False,,,"{""final_label"":""Hate_Speech"",""reason"":""Text contains hostile language and death threats against a specific group or individual.""}","```json
{""final_label"":""Hate_Speech"",""reason"":""The text attacks and degrades a person based on their political views and perceived support for violence against a political figure.""}
```",,,,,meta/llama-3.3-70b-instruct,google/gemma-3n-e4b-it,,6176,2026-06-17T03:25:31.242974+00:00,80,BR_row_00000080,,
"falece, Pinto da Costa!",Hate_Speech,external_integration,Harassment,initial_models_agree,Harassment,The text contains a hostile and aggressive tone towards a specific person.,Harassment,The text contains an insult directed at a specific person.,initial_models_agree,False,,,"{""final_label"":""Harassment"",""reason"":""The text contains a hostile and aggressive tone towards a specific person.""}","```json
{""final_label"":""Harassment"",""reason"":""The text contains an insult directed at a specific person.""}
```",,,,,meta/llama-3.3-70b-instruct,google/gemma-3n-e4b-it,,6110,2026-06-17T03:25:31.976642+00:00,63,BR_row_00000063,,
Propaganda eleitoral de Lula tem promessas que não foram apresentadas ao TSE LINK #R7 via,BR_State_Security_Democratic_Order,external_integration,Politically_Sensitive_Topics,initial_models_agree,Politically_Sensitive_Topics,Text discusses election propaganda and unregistered promises.,Politically_Sensitive_Topics,"The text refers to electoral propaganda and promises, mentioning the TSE, which is a sensitive topic related to elections and political processes in Brazil.",initial_models_agree,False,,,"{""final_label"":""Politically_Sensitive_Topics"",""reason"":""Text discusses election propaganda and unregistered promises.""}","```json
{""final_label"":""Politically_Sensitive_Topics"",""reason"":""The text refers to electoral propaganda and promises, mentioning the TSE, which is a sensitive topic related to elections and political processes in Brazil.""}
```",,,,,meta/llama-3.3-70b-instruct,google/gemma-3n-e4b-it,,6160,2026-06-17T03:25:32.092448+00:00,85,BR_row_00000085,,
"Alto lá, comunas! A Amazônia é nossa. Por isso, temos todo direito de devastar essa porra toda, matar índio, criar mais garimpos... E sabemos que isso é mentira desses veganos-artistas-comunistas-guerrilheiros-ateus-maconheiros, como bem disse Trump, idolo do presida. Taoquei?",BR_State_Security_Democratic_Order,external_integration,Hate_Speech,initial_models_agree,Hate_Speech,"Text contains attacks and humiliation against protected identity groups, including Indigenous people and those with certain political or social beliefs.",Hate_Speech,"The text contains dehumanizing language towards Indigenous people and promotes violence, targeting a group based on their identity and political beliefs.",initial_models_agree,False,,,"{""final_label"":""Hate_Speech"",""reason"":""Text contains attacks and humiliation against protected identity groups, including Indigenous people and those with certain political or social beliefs.""}","```json
{""final_label"":""Hate_Speech"",""reason"":""The text contains dehumanizing language towards Indigenous people and promotes violence, targeting a group based on their identity and political beliefs.""}
```",,,,,meta/llama-3.3-70b-instruct,google/gemma-3n-e4b-it,,6288,2026-06-17T03:25:32.458421+00:00,66,BR_row_00000066,,
"whindy teve a capacidade de dizer que coca cola é ruim, mano. só matando um ser desse 🤦🏾‍♀️",safe,external_integration,Harassment,initial_models_agree,Harassment,The text contains verbal abuse and intimidation.,Harassment,"The text uses insults and expresses contempt towards whindy, targeting a specific person.",initial_models_agree,False,,,"{""final_label"":""Harassment"",""reason"":""The text contains verbal abuse and intimidation.""}","```json
{""final_label"":""Harassment"",""reason"":""The text uses insults and expresses contempt towards whindy, targeting a specific person.""}
```",,,,,meta/llama-3.3-70b-instruct,google/gemma-3n-e4b-it,,6154,2026-06-17T03:25:33.977551+00:00,87,BR_row_00000087,,
laura mulher se vc nao me levar eu te caço,Harassment,external_integration,Harassment,initial_models_agree,Harassment,The text contains a direct insult and a threat.,Harassment,The text contains a threat of violence and intimidation directed at a specific person based on gender.,initial_models_agree,False,,,"{""final_label"":""Harassment"",""reason"":""The text contains a direct insult and a threat.""}","```json
{""final_label"":""Harassment"",""reason"":""The text contains a threat of violence and intimidation directed at a specific person based on gender.""}
```",,,,,meta/llama-3.3-70b-instruct,google/gemma-3n-e4b-it,,6122,2026-06-17T03:25:38.253127+00:00,89,BR_row_00000089,,
Se nem presidiário tem pena de estuprador (os caras são estuprados lá dentro mesmo) pq a esquerda quer que a gente tenha?,Dangerous_Content,external_integration,Hate_Speech,initial_models_agree,Hate_Speech,The text contains dehumanization and degradation of a group implied to be on the left of the political spectrum.,Hate_Speech,"The text expresses contempt and dehumanization towards a political group (the left) by implying they want perpetrators to be victims, indirectly referencing sexual violence and potentially inciting hatred.",initial_models_agree,False,,,"{""final_label"":""Hate_Speech"",""reason"":""The text contains dehumanization and degradation of a group implied to be on the left of the political spectrum.""}","```json
{""final_label"":""Hate_Speech"",""reason"":""The text expresses contempt and dehumanization towards a political group (the left) by implying they want perpetrators to be victims, indirectly referencing sexual violence and potentially inciting hatred.""}
```",,,,,meta/llama-3.3-70b-instruct,google/gemma-3n-e4b-it,,6196,2026-06-17T03:25:38.490243+00:00,84,BR_row_00000084,,
"tem da Uraraka e Deku que por mim fodase já os caras verem a porra de 1 ficar vermelho MESMO QUE SEJA DE DOR ELES CHEGAM E FALAM: ''NOSSA, TÁ VENDO COMO O BAKUGOU GOSTA DA PIROCA DO RUIVO VIOADO??????????''",Hate_Speech,external_integration,Harassment,initial_models_agree,Harassment,Text contains vulgar abuse and sexualized insults.,Harassment,"The text contains insults, vulgar abuse, and sexualized humiliation directed at characters and implied sexual acts, targeting a specific group with derogatory terms.",initial_models_agree,False,,,"{""final_label"":""Harassment"",""reason"":""Text contains vulgar abuse and sexualized insults.""}","```json
{""final_label"":""Harassment"",""reason"":""The text contains insults, vulgar abuse, and sexualized humiliation directed at characters and implied sexual acts, targeting a specific group with derogatory terms.""}
```",,,,,meta/llama-3.3-70b-instruct,google/gemma-3n-e4b-it,,6257,2026-06-17T03:25:40.750407+00:00,79,BR_row_00000079,,
E DALHE DALHE PORCO E DALHE DALHE PORCO CHUP MOLAMBOS FICARAM SO NO CHEIRO,Hate_Speech,external_integration,Harassment,initial_models_agree,Harassment,Text contains vulgar abuse and sexualized insults.,Harassment,The text contains vulgar insults and offensive language directed at a group of people.,initial_models_agree,False,,,"{""final_label"":""Harassment"",""reason"":""Text contains vulgar abuse and sexualized insults.""}","```json
{""final_label"":""Harassment"",""reason"":""The text contains vulgar insults and offensive language directed at a group of people.""}
```",,,,,meta/llama-3.3-70b-instruct,google/gemma-3n-e4b-it,,6147,2026-06-17T03:25:40.770594+00:00,83,BR_row_00000083,,
"Filhos da pu-ta, moveram o artigo de pt-pt para pt-br! Brasileiros duma figa, A LÍNGUA NÃO É VOSSA PROPRIEDADE, se a página foi criada com essa grafia não se muda, morram! 85.247.124.216 (discussão)",Hate_Speech,external_integration,Harassment,triple_vote_majority,Harassment,The text contains direct insults and vulgar abuse targeted at a specific group of people.,Hate_Speech,"The text contains direct insults, threats, and attacks against Brazilians based on their language and origin, using highly offensive language and wishing death upon them.",initial_model_disagreement,False,,,"{""final_label"":""Harassment"",""reason"":""The text contains direct insults and vulgar abuse targeted at a specific group of people.""}","```json
{""final_label"":""Hate_Speech"",""reason"":""The text contains direct insults, threats, and attacks against Brazilians based on their language and origin, using highly offensive language and wishing death upon them.""}
```",,,,,meta/llama-3.3-70b-instruct,google/gemma-3n-e4b-it,,6268,2026-06-17T03:25:40.918162+00:00,86,BR_row_00000086,Harassment,Direct insults and hostile language targeting specific individuals or groups
DEIXO PODE ESTRAGAR ELA SE QUISER TBM,safe,external_integration,Harassment,initial_models_agree,Harassment,Text contains hostile language and intimidation.,Harassment,The text contains a threat and malicious intent towards a specific person.,initial_models_agree,False,,,"{""final_label"":""Harassment"",""reason"":""Text contains hostile language and intimidation.""}","```json
{""final_label"":""Harassment"",""reason"":""The text contains a threat and malicious intent towards a specific person.""}
```",,,,,meta/llama-3.3-70b-instruct,google/gemma-3n-e4b-it,,6122,2026-06-17T03:25:44.041038+00:00,93,BR_row_00000093,,
mostrei o meu tweet pra teresa e ela fez cara feia pra mim... bolsonaro mate a teresa agora!,Dangerous_Content,external_integration,Harassment,triple_vote_majority,Harassment,The text contains a death wish against a person.,Dangerous_Content,This text contains a credible killing threat directed at a specific individual.,initial_model_disagreement,False,,,"{""final_label"":""Harassment"",""reason"":""The text contains a death wish against a person.""}","```json
{""final_label"":""Dangerous_Content"",""reason"":""This text contains a credible killing threat directed at a specific individual.""}
```",,,,,meta/llama-3.3-70b-instruct,google/gemma-3n-e4b-it,,6145,2026-06-17T03:25:45.082228+00:00,94,BR_row_00000094,Harassment,Direct insult and violent threat against a named individual.
"não esquece que todo ato precede a tal da consequência é tiro nos arrombado, posturado e calmo fruto da minha vivência",Hate_Speech,external_integration,Harassment,initial_models_agree,Harassment,Text contains abusive language and insults.,Harassment,The text contains insults and vulgar abuse directed at a specific group of people.,initial_models_agree,False,,,"{""final_label"":""Harassment"",""reason"":""Text contains abusive language and insults.""}","```json
{""final_label"":""Harassment"",""reason"":""The text contains insults and vulgar abuse directed at a specific group of people.""}
```",,,,,meta/llama-3.3-70b-instruct,google/gemma-3n-e4b-it,,6156,2026-06-17T03:25:47.885529+00:00,96,BR_row_00000096,,
"Lugar de bombas, sinalizadores, fumaça e bagunça, é dentro do estádio, quem ainda não percebeu isso?",Dangerous_Content,external_integration,safe,triple_vote_majority,safe,The text discusses a sports stadium setting without promoting or glorifying violence.,BR_State_Security_Democratic_Order,"The text refers to a location where bombs, flares, smoke, and chaos occur within a stadium, implying potential disruption and threats to public order during events.",initial_model_disagreement,False,,,"{""final_label"":""safe"",""reason"":""The text discusses a sports stadium setting without promoting or glorifying violence.""}","```json
{""final_label"":""BR_State_Security_Democratic_Order"",""reason"":""The text refers to a location where bombs, flares, smoke, and chaos occur within a stadium, implying potential disruption and threats to public order during events.""}
```",,,,,meta/llama-3.3-70b-instruct,google/gemma-3n-e4b-it,,6182,2026-06-17T03:25:53.020839+00:00,92,BR_row_00000092,safe,No unsafe content detected.
"fumo dois balão pra ficar tega, ela fuma pra me dar buceta🎶🚩",Hate_Speech,external_integration,Sexually_Explicit_Information,initial_models_agree,Sexually_Explicit_Information,The text contains explicit sexual language and intent.,Sexually_Explicit_Information,The text explicitly references drug use and sexual acts in a sexually suggestive manner.,initial_models_agree,False,,,"{""final_label"":""Sexually_Explicit_Information"",""reason"":""The text contains explicit sexual language and intent.""}","```json
{""final_label"":""Sexually_Explicit_Information"",""reason"":""The text explicitly references drug use and sexual acts in a sexually suggestive manner.""}
```",,,,,meta/llama-3.3-70b-instruct,google/gemma-3n-e4b-it,,6145,2026-06-17T03:25:53.517556+00:00,97,BR_row_00000097,,
Este vendido do Kremlin devia apanhar umas Buchas pela frente eheh,Hate_Speech,external_integration,Harassment,initial_models_agree,Harassment,The text contains a direct insult and vulgar abuse against a person.,Harassment,"The text uses derogatory language ('vendido') and calls for physical harm ('apanhar umas Buchas') towards a political figure, constituting harassment.",initial_models_agree,False,,,"{""final_label"":""Harassment"",""reason"":""The text contains a direct insult and vulgar abuse against a person.""}","```json
{""final_label"":""Harassment"",""reason"":""The text uses derogatory language ('vendido') and calls for physical harm ('apanhar umas Buchas') towards a political figure, constituting harassment.""}
```",,,,,meta/llama-3.3-70b-instruct,google/gemma-3n-e4b-it,,6148,2026-06-17T03:25:53.694640+00:00,98,BR_row_00000098,,
rt tem que caçar e cagar a pau!,Harassment,external_integration,Harassment,initial_models_agree,Harassment,Text contains vulgar abuse and intimidation.,Harassment,"The text contains vulgar insults and a command to inflict harm, targeting an unspecified individual or group.",initial_models_agree,False,,,"{""final_label"":""Harassment"",""reason"":""Text contains vulgar abuse and intimidation.""}","```json
{""final_label"":""Harassment"",""reason"":""The text contains vulgar insults and a command to inflict harm, targeting an unspecified individual or group.""}
```",,,,,meta/llama-3.3-70b-instruct,google/gemma-3n-e4b-it,,6118,2026-06-17T03:25:54.028040+00:00,95,BR_row_00000095,,
"Esse Marreco, no senado, iria virar aperitivo",Hate_Speech,external_integration,Harassment,triple_vote_majority,Harassment,The text contains a direct insult and humiliation against a specific person.,Hate_Speech,"Uses a derogatory term ('Marreco') targeting a person likely based on their racial origin, with a violent implication.",initial_model_disagreement,False,,,"{""final_label"":""Harassment"",""reason"":""The text contains a direct insult and humiliation against a specific person.""}","```json
{""final_label"":""Hate_Speech"",""reason"":""Uses a derogatory term ('Marreco') targeting a person likely based on their racial origin, with a violent implication.""}
```",,,,,meta/llama-3.3-70b-instruct,google/gemma-3n-e4b-it,,6140,2026-06-17T03:25:59.043485+00:00,90,BR_row_00000090,Harassment,Direct insult targeting a specific person in a degrading context.
"Como eu disse, amigo, é impossível colaborar, tem sempre um idiota pra fuder o trabalho alheio, essa plataforma está condenada, conseguiram mais um inimigo. Faço votos que o Infogalaxy engula vcs e esse porcaria deixe de existir. Desisto desse lixo. Vlw por tudo. Fui, bloqueie essa merda de conta ad eternum, pois a partir de agora só vou vanalizar e destruir essa merda. Zilcan Zilcor (discussão)",Harassment,external_integration,Harassment,initial_models_agree,Harassment,The text contains direct insults and vulgar abuse towards others.,Harassment,"The text contains insults, contempt, and hostile language directed at the platform and its users, expressing malicious intent and a desire to cause harm.",initial_models_agree,False,,,"{""final_label"":""Harassment"",""reason"":""The text contains direct insults and vulgar abuse towards others.""}","```json
{""final_label"":""Harassment"",""reason"":""The text contains insults, contempt, and hostile language directed at the platform and its users, expressing malicious intent and a desire to cause harm.""}
```",,,,,meta/llama-3.3-70b-instruct,google/gemma-3n-e4b-it,,6335,2026-06-17T03:26:01.853046+00:00,99,BR_row_00000099,,
