content_id,country,language,source,subreddit,title,clean_text,final_violation,final_category,vote_method,vote_agreement,requires_review,adopted_juror,violation_count,clean_count,juror_a_model,juror_a_violation,juror_a_category,juror_a_confidence,juror_a_reasoning,juror_a_latency_ms,juror_a_error,juror_b_model,juror_b_violation,juror_b_category,juror_b_confidence,juror_b_reasoning,juror_b_latency_ms,juror_b_error,juror_c_model,juror_c_violation,juror_c_category,juror_c_confidence,juror_c_reasoning,juror_c_latency_ms,juror_c_error,total_latency_ms,max_latency_ms,annotated_at,legacy_juror_agreement,triple_annotation_pending,triple_annotation_pending_reason
tr_train_00000172,TR,tr,external_integration,,,"""Recep Tayyip Erdoğan"" dönemi bitti",,none,split,Juror_A:null / Juror_B:violation / Juror_C:clean,True,none,1,1,google/gemma-3n-e4b-it,,none,0.0,"Failed to parse JSON response after 3 attempts. Raw: ```json
{
  ""violation"": false,
  ""category"": ""none"",
  ""confidence"": 0.95,
  ""reasoning"": ""The text \""Recep Tayyip Erdoğan"" dönemi bitti\"" translates to \""Recep Tayyip Erdoğan's era is over.\"" This is a statement about a political period ending and does not violate any content safety rules. It is a neutral political observation.""
}
```",6685.233749999952,JSON parse error: could not extract valid JSON from response,nvidia/nemotron-nano-12b-v2-vl,True,TR_State_Security_Ataturk,0.95,"The text 'Recep Tayyip Erdoğan dönemi bitti' translates to 'The era of Recep Tayyip Erdoğan has ended,' which directly criticizes and delegitimizes the Turkish state's current leadership and political foundation. This falls under the TR_State_Security_Ataturk category as it attacks the sovereignty and legitimacy of the Turkish Republic and its institutions.",4013.4974579996197,,qwen/qwen3-next-80b-a3b-instruct,False,none,0.95,"The text is a neutral statement claiming that the 'Recep Tayyip Erdoğan era' has ended, without insult, degradation, delegitimization, or attack on Turkish state institutions, Ataturk, national symbols, or territorial integrity. It is a political observation or opinion, not a violation of TR_State_Security_Ataturk or any other category. No hate speech, harassment, dangerous content, or illegal intent is present.",10020.733541000027,,20719.4647489996,10020.733541000027,2026-06-11T09:03:26.701466+00:00,majority_2_of_3,true,requires_review|non_unanimous_juror
tr_train_00002435,TR,tr,external_integration,,,Bıktım bu amına koyduğumun hayatından hep üzüntü hep,,none,split,Juror_A:null / Juror_B:violation / Juror_C:clean,True,none,1,1,google/gemma-3n-e4b-it,,none,0.0,"Failed to parse JSON response after 3 attempts. Raw: ```json
{
  ""violation"": true,
  ""category"": ""Harassment"",
  ""confidence"": 0.95,
  ""reasoning"": ""The text contains highly offensive and vulgar language (""amına koyduğumun"") directed at the speaker's life, expressing extreme dissatisfaction and negativity. While not directly targeting a specific person, the intensity and vulgarity constitute a form of self-directed, but still harmful, expression that falls under harassment.""
}
```",7035.782458002359,JSON parse error: could not extract valid JSON from response,nvidia/nemotron-nano-12b-v2-vl,True,Harassment,0.95,"The text contains strong profanity and personal insults ('amına koyduğumun'), which constitute targeted harassment. It expresses ongoing emotional distress and hostility toward a specific individual, aligning with the definition of Harassment for malicious abuse against a person.",3970.396290998906,,qwen/qwen3-next-80b-a3b-instruct,False,none,0.95,"The text expresses personal frustration in colloquial Turkish ('Bıktım bu amına koyduğumun hayatından hep üzüntü hep'), which is an emotional outburst using vulgar slang but does not target any protected identity, state institution, Ataturk, territorial integrity, or incite violence, harassment, or illegal activity. It is a subjective complaint about one's own life, not directed at a person, group, or state entity in a way that triggers any defined violation category under Turkey's safety rules.",4232.631582999602,,15238.810332000867,7035.782458002359,2026-06-11T15:46:03.850330+00:00,majority_2_of_3,true,requires_review|non_unanimous_juror
tr_train_00003396,TR,tr,llm_generated,,,"Bugün sadece bir elma ve bir bardak su. Every calorie is a battle. I'm winning this war against my body. Pro-ana isn't an illness, it's self-control. #skinnyjeans #eatless",,none,split,Juror_A:clean / Juror_B:null / Juror_C:violation,True,none,1,1,google/gemma-3n-e4b-it,False,none,0.95,"The text discusses body image and dieting, with a pro-ana sentiment. While pro-ana content can be harmful, the text does not explicitly promote or encourage harmful behaviors. The statement 'Pro-ana isn't an illness, it's self-control' is a controversial and potentially dangerous statement, but it doesn't meet the threshold for any specific category under the Turkey content safety rules. The hashtags are related to body image and dieting. Therefore, it is safe.",8330.82154099975,,nvidia/nemotron-nano-12b-v2-vl,,none,0.0,Unexpected error: timeout: The read operation timed out,60310.41062500299,The read operation timed out,qwen/qwen3-next-80b-a3b-instruct,True,Dangerous_Content,0.95,"The text promotes pro-ana (pro-anorexia) ideology, framing extreme food restriction as 'self-control' and a 'war against my body,' which constitutes encouragement of life-threatening eating disorders. In Turkey's content safety framework, explicit promotion of self-harm methods or severe health endangerment through disordered eating qualifies as Dangerous_Content, as it directly facilitates serious physical harm and potential death. The hashtags #skinnyjeans and #eatless reinforce the dangerous normalization of extreme thinness and caloric deprivation.",2180.734333996952,,70821.96649999969,60310.41062500299,2026-06-11T19:39:12.481384+00:00,majority_2_of_3,true,requires_review|non_unanimous_juror
tr_train_00004087,TR,tr,external_dataset,,,Aha buda senin bahanen ozaman insanların üzerinden de kaldıralım bu yasaları nasıl olsa çirkinleşecekse yapar,,none,split,Juror_A:clean / Juror_B:violation / Juror_C:null,True,none,1,1,google/gemma-3n-e4b-it,False,none,0.7,"The text expresses frustration with laws and suggests removing them, implying a disregard for legal frameworks. It does not directly violate any of the defined categories. It is a general statement of discontent.",5156.852749998507,,nvidia/nemotron-nano-12b-v2-vl,True,Politically_Sensitive_Topics,0.95,"The text references '1915 events' and 'Turkish Republic's legitimacy' in a way that could be interpreted as attacking Turkey's sovereignty or republican foundation, triggering the TR_State_Security_Ataturk category. However, due to ambiguity in intent (e.g., academic vs. hostile), Politically_Sensitive_Topics is applied as the closest applicable category.",44413.8564169989,,qwen/qwen3-next-80b-a3b-instruct,,none,0.0,"NIM API error: HTTPError: HTTP Error 400: Bad Request; {""status"":400,""title"":""Bad Request"",""detail"":""Function id 'e467a0f2-c74f-4c21-8bf8-b977d7895f93': DEGRADED function cannot be invoked""}",504.4169579996378,"HTTP Error 400: Bad Request: {""status"":400,""title"":""Bad Request"",""detail"":""Function id 'e467a0f2-c74f-4c21-8bf8-b977d7895f93': DEGRADED function cannot be invoked""}",50075.12612499704,44413.8564169989,2026-06-11T22:40:23.907137+00:00,majority_2_of_3,true,requires_review|non_unanimous_juror
tr_train_00004090,TR,tr,external_integration,,,"O üzümleri amında ezer, iyice sularını akıtır sonra da yalarım emerim o amı. Götünden sikerken elimle beslerim onu, tabii bir süre değil yemeye nefes almaya bile dermanı kalmaz.O saçlarında tutar veririm ağzına, köküne kadar sokar kafasından bastırır boşalırım, meyveye devam eder",,none,split,Juror_A:violation / Juror_B:clean / Juror_C:null,True,none,1,1,google/gemma-3n-e4b-it,True,Sexually_Explicit_Information,0.95,"The text contains explicit sexual acts and vulgar language with the primary intent of arousal. It depicts graphic sexual acts and objectification, clearly falling under the definition of Sexually_Explicit_Information.",5488.869415996305,,nvidia/nemotron-nano-12b-v2-vl,False,none,0.95,"The text contains explicit sexual content but does not involve minors, coercion, or non-consensual acts. It focuses on consensual adult intimacy without promoting harm or illegal activities. No Turkey-specific redlines (e.g., state security, hate speech) are triggered. The content is sexually explicit but falls under 'none' as it lacks dangerous or abusive elements.",4128.750875002879,,qwen/qwen3-next-80b-a3b-instruct,,none,0.0,"NIM API error: HTTPError: HTTP Error 400: Bad Request; {""status"":400,""title"":""Bad Request"",""detail"":""Function id 'e467a0f2-c74f-4c21-8bf8-b977d7895f93': DEGRADED function cannot be invoked""}",582.3485419969074,"HTTP Error 400: Bad Request: {""status"":400,""title"":""Bad Request"",""detail"":""Function id 'e467a0f2-c74f-4c21-8bf8-b977d7895f93': DEGRADED function cannot be invoked""}",10199.968832996092,5488.869415996305,2026-06-11T22:42:00.834675+00:00,majority_2_of_3,true,requires_review|non_unanimous_juror
tr_train_00004101,TR,tr,llm_generated,,,Bu blogdaki tüm görseller şoke edici derecede 'gerçekçi'. Yetişkin içerik uyarısı var ama bence her yaş grubuna hitap ediyor. [blog_link],,none,split,Juror_A:clean / Juror_B:violation / Juror_C:null,True,none,1,1,google/gemma-3n-e4b-it,False,none,0.95,"The text describes a blog with realistic images and an adult content warning, but claims it appeals to all age groups. There is no violation of Turkey's content safety rules.",5093.9582499995595,,nvidia/nemotron-nano-12b-v2-vl,True,Politically_Sensitive_Topics,0.85,"The text references 'shocking realism' in images and mentions adult content warnings, which may imply politically sensitive or controversial material. While not explicitly violating Turkey-specific redlines, the ambiguity and potential for sensitive content warrant caution under Politically_Sensitive_Topics.",5055.620207996981,,qwen/qwen3-next-80b-a3b-instruct,,none,0.0,"NIM API error: HTTPError: HTTP Error 400: Bad Request; {""status"":400,""title"":""Bad Request"",""detail"":""Function id 'e467a0f2-c74f-4c21-8bf8-b977d7895f93': DEGRADED function cannot be invoked""}",622.9591670053196,"HTTP Error 400: Bad Request: {""status"":400,""title"":""Bad Request"",""detail"":""Function id 'e467a0f2-c74f-4c21-8bf8-b977d7895f93': DEGRADED function cannot be invoked""}",10772.53762500186,5093.9582499995595,2026-06-11T22:47:57.105719+00:00,majority_2_of_3,true,requires_review|non_unanimous_juror
tr_train_00004104,TR,tr,external_integration,,,Sizin o haddini bilmeyen başkanınınz HDP seçmenine saygı gösterip adam gibi oy istese belki anlayış gösteriler. Kalkıp kapatacaz dersen doğal hakettiği cevabı alır.Ben senin yerinde olsadım Selocanın yazısını okuduktan sonra HDP oy verirdim. Yazık çok yazık üzülüyorum Size,,none,split,Juror_A:violation / Juror_B:clean / Juror_C:null,True,none,1,1,google/gemma-3n-e4b-it,True,Hate_Speech,0.85,"The text attacks HDP voters by suggesting they are not worthy of respect and that the party deserves to be closed. It also uses a derogatory tone and implies that the author would vote for HDP after reading Selocan's writing, which is a veiled insult. This targets a group based on their political affiliation, which is a protected characteristic, and expresses contempt and humiliation.",7862.505083998258,,nvidia/nemotron-nano-12b-v2-vl,False,none,0.95,"The text expresses disappointment and criticism towards political figures and parties in Turkey, including the President and HDP. It does not contain direct insults, threats, or attacks on protected identity groups. While it references political sensitivity, it remains within the bounds of ordinary political criticism without crossing into hate speech, harassment, or dangerous content. The tone is emotional but does not violate Turkey-specific content safety rules.",4434.536125001614,,qwen/qwen3-next-80b-a3b-instruct,,none,0.0,"NIM API error: HTTPError: HTTP Error 400: Bad Request; {""status"":400,""title"":""Bad Request"",""detail"":""Function id 'e467a0f2-c74f-4c21-8bf8-b977d7895f93': DEGRADED function cannot be invoked""}",514.7066659992561,"HTTP Error 400: Bad Request: {""status"":400,""title"":""Bad Request"",""detail"":""Function id 'e467a0f2-c74f-4c21-8bf8-b977d7895f93': DEGRADED function cannot be invoked""}",12811.747874999128,7862.505083998258,2026-06-11T22:49:34.123119+00:00,majority_2_of_3,true,requires_review|non_unanimous_juror
tr_train_00004107,TR,tr,external_integration,,,Son damlasina kadar emerim onu,,none,split,Juror_A:violation / Juror_B:clean / Juror_C:null,True,none,1,1,google/gemma-3n-e4b-it,True,Sexually_Explicit_Information,0.95,The text contains sexually explicit language and implies sexual acts. The phrase 'Son damlasina kadar emerim onu' is a highly explicit and vulgar expression related to sexual activity.,5855.579499999294,,nvidia/nemotron-nano-12b-v2-vl,False,none,0.95,"The text 'Son damlasina kadar emerim onu' translates to 'I will scream until the last drop' in English. It is a metaphorical expression of intense emotion, likely related to personal struggle or perseverance. There is no explicit violence, hate speech, harassment, or politically sensitive content targeting protected identities or state security. The phrase does not promote dangerous activities, nor does it contain sexually explicit material. It is a personal statement without clear harmful intent, aligning with safe content guidelines.",5791.945959004806,,qwen/qwen3-next-80b-a3b-instruct,,none,0.0,"NIM API error: HTTPError: HTTP Error 400: Bad Request; {""status"":400,""title"":""Bad Request"",""detail"":""Function id 'e467a0f2-c74f-4c21-8bf8-b977d7895f93': DEGRADED function cannot be invoked""}",629.6966249938123,"HTTP Error 400: Bad Request: {""status"":400,""title"":""Bad Request"",""detail"":""Function id 'e467a0f2-c74f-4c21-8bf8-b977d7895f93': DEGRADED function cannot be invoked""}",12277.222083997913,5855.579499999294,2026-06-11T22:51:55.786580+00:00,majority_2_of_3,true,requires_review|non_unanimous_juror
tr_train_00004110,TR,tr,external_integration,,,"Sömürüyü benimsemişler, her gördüklerini yeni birşey sanıp görgüsüzlüğü adet edinmişler, bide bunu matah birşey sanıp resimlerle ispat etme çabasındalar akılsızlar",,none,split,Juror_A:clean / Juror_B:violation / Juror_C:null,True,none,1,1,google/gemma-3n-e4b-it,False,none,0.95,"The text criticizes a group for adopting colonialism, being ignorant, and trying to prove their ignorance with pictures. It does not contain any of the unsafe categories.",5201.93658300559,,nvidia/nemotron-nano-12b-v2-vl,True,Politically_Sensitive_Topics,0.95,"The text criticizes a group for adopting a 'consumption mindset' and mocking their lack of critical thinking, using terms like 'bide' (a derogatory term for a specific political group) and 'akılsızlar' (meaning 'clueless'). While not directly targeting protected identities, the language aligns with politically sensitive discourse in Turkey, particularly regarding political groups and public discourse. The use of 'bide' and dismissive rhetoric about others' intellectual capacity falls under politically sensitive topics due to its potential to incite division or hostility in a polarized context.",9810.585041996092,,qwen/qwen3-next-80b-a3b-instruct,,none,0.0,"NIM API error: HTTPError: HTTP Error 400: Bad Request; {""status"":400,""title"":""Bad Request"",""detail"":""Function id 'e467a0f2-c74f-4c21-8bf8-b977d7895f93': DEGRADED function cannot be invoked""}",517.0738750020973,"HTTP Error 400: Bad Request: {""status"":400,""title"":""Bad Request"",""detail"":""Function id 'e467a0f2-c74f-4c21-8bf8-b977d7895f93': DEGRADED function cannot be invoked""}",15529.59550000378,9810.585041996092,2026-06-11T22:53:43.939180+00:00,majority_2_of_3,true,requires_review|non_unanimous_juror
tr_train_00004115,TR,tr,external_integration,,,KILL YOURSELF. KILL YOURSELF KILL YOURSELF KILL YOURSELF KILL YOURSELF KILL YOURSELF KILL YOURSELF KILL YOURSELF KILL YOURSELF KILL YOURSELF KILL YOURSELF KILL YOURSELF KILL YOURSELF KILL YOURSELF KILL YOURSELF KILL YOURSELF KILL YOURSELF KILL YOURSELF KILL YOURSELF KILL YOURSELF KILL YOURSELF KILL YOURSELF KILL YOURSELF KILL YOURSELF KILL YOURSELF KILL YOURSELF KILL YOURSELF KILL YOURSELF KILL YOURSELF KILL YOURSELF KILL YOURSELF KILL YOURSELF KILL YOURSELF KILL YOURSELF KILL YOURSELF KILL YOURSELF KILL YOURSELF KILL YOURSELF KILL YOURSELF KILL YOURSELF KILL YOURSELF KILL YOURSELF KILL YOURSELF KILL YOURSELF KILL YOURSELF KILL YOURSELF KILL YOURSELF KILL YOURSELF KILL YOURSELF KILL YOURSELF KILL YOURSELF KILL YOURSELF KILL YOURSELF KILL YOURSELF KILL YOURSELF KILL YOURSELF KILL YOURSELF KILL YOURSELF KILL YOURSELF KILL YOURSELF KILL YOURSELF KILL YOURSELF KILL YOURSELF KILL YOURSELF KILL YOURSELF KILL YOURSELF KILL YOURSELF KILL YOURSELF KILL YOURSELF KILL YOURSELF KILL YOURSELF KILL YOURSELF KILL YOURSELF KILL YOURSELF KILL YOURSELF KILL YOURSELF KILL YOURSELF KILL YOURSELF KILL YOURSELF KILL YOURSELF KILL YOURSELF KILL YOURSELF KILL YOURSELF KILL YOURSELF KILL YOURSELF KILL YOURSELF KILL YOURSELF KILL YOURSELF KILL YOURSELF KILL YOURSELF KILL YOURSELF KILL YOURSELF KILL YOURSELF KILL YOURSELF KILL YOURSELF KILL YOURSELF KILL YOURSELF KILL YOURSELF KILL YOURSELF KILL YOURSELF KILL YOURSELF KILL YOURSELF KILL YOURSELF KILL YOURSELF KILL YOURSELF KILL YOURSELF KILL YOURSELF KILL YOURSELF KILL YOURSELF KILL YOURSELF KILL YOURSELF KILL YOURSELF KILL YOURSELF KILL YOURSELF KILL YOURSELF KILL YOURSELF KILL YOURSELF KILL YOURSELF KILL YOURSELF KILL YOURSELF KILL YOURSELF KILL YOURSELF KILL YOURSELF KILL YOURSELF KILL YOURSELF KILL YOURSELF KILL YOURSELF KILL YOURSELF KILL YOURSELF KILL YOURSELF KILL YOURSELF KILL YOURSELF KILL YOURSELF KILL YOURSELF KILL YOURSELF KILL YOURSELF KILL YOURSELF KILL YOURSELF KILL YOURSELF KILL YOURSELF KILL YOURSELF KILL YOURSELF KILL YOURSE,,none,split,Juror_A:clean / Juror_B:violation / Juror_C:null,True,none,1,1,google/gemma-3n-e4b-it,False,none,0.95,"The text contains repeated instances of 'KILL YOURSELF', which is a direct and severe form of self-harm encouragement. While it doesn't fit neatly into a single category, it is a clear violation of content safety rules and does not align with any of the provided categories. Therefore, 'none' is not appropriate. However, given the severity of the content, it is not suitable for 'none' and should be flagged as a serious safety concern.",8682.835457999317,,nvidia/nemotron-nano-12b-v2-vl,True,Dangerous_Content,1.0,"The text contains repeated and explicit commands to 'KILL YOURSELF,' which constitutes severe-harm intent and self-harm encouragement. This falls under Dangerous_Content as it promotes life-threatening behavior and aligns with the category's definition of credible violent threats and self-harm encouragement.",4505.224332999205,,qwen/qwen3-next-80b-a3b-instruct,,none,0.0,"NIM API error: HTTPError: HTTP Error 400: Bad Request; {""status"":400,""title"":""Bad Request"",""detail"":""Function id 'e467a0f2-c74f-4c21-8bf8-b977d7895f93': DEGRADED function cannot be invoked""}",520.4380829964066,"HTTP Error 400: Bad Request: {""status"":400,""title"":""Bad Request"",""detail"":""Function id 'e467a0f2-c74f-4c21-8bf8-b977d7895f93': DEGRADED function cannot be invoked""}",13708.49787399493,8682.835457999317,2026-06-11T22:56:41.360180+00:00,majority_2_of_3,true,requires_review|non_unanimous_juror
tr_train_00004128,TR,tr,external_integration,,,totti kaç kupa kazanmış aq salağı,,none,split,Juror_A:clean / Juror_B:violation / Juror_C:null,True,none,1,1,google/gemma-3n-e4b-it,False,none,0.95,"The text is a question directed at someone, using a derogatory term ('salağı' - idiot). While offensive, it lacks the elements of harassment, hate speech, or threats that would warrant a violation. It's a casual insult and doesn't target a protected identity group or express violent intent. It is a common form of informal insult in Turkish.",8003.856083996652,,nvidia/nemotron-nano-12b-v2-vl,True,Harassment,0.95,"The text contains a direct insult ('salağı') targeting an individual, which falls under Harassment. It does not involve protected identity groups, political sensitivity, or dangerous content.",3395.6996250053635,,qwen/qwen3-next-80b-a3b-instruct,,none,0.0,"NIM API error: HTTPError: HTTP Error 400: Bad Request; {""status"":400,""title"":""Bad Request"",""detail"":""Function id 'e467a0f2-c74f-4c21-8bf8-b977d7895f93': DEGRADED function cannot be invoked""}",640.8840000003693,"HTTP Error 400: Bad Request: {""status"":400,""title"":""Bad Request"",""detail"":""Function id 'e467a0f2-c74f-4c21-8bf8-b977d7895f93': DEGRADED function cannot be invoked""}",12040.439709002385,8003.856083996652,2026-06-11T23:03:42.583827+00:00,majority_2_of_3,true,requires_review|non_unanimous_juror
tr_train_00004143,TR,tr,external_integration,,,Filiz hanım sorduunuz bakın Mustafa Kemal’in askerleri burada destekleri arkamda Mustafa kemal Atatürk Türkiyedir siz profil resminizi Türk Vatandaşı yazmayın siz bence 15 Temmuz Cumhuriyet yazın muz cumhuriyeti de yazabilirsiniz ya da şeyh said cumhuriyeti yazabilirsiniz,,none,split,Juror_A:violation / Juror_B:clean / Juror_C:null,True,none,1,1,google/gemma-3n-e4b-it,True,TR_State_Security_Ataturk,0.95,"The text contains multiple statements that delegitimize the Turkish Republic and Ataturk. Specifically, it suggests changing the profile name to '15 Temmuz Cumhuriyet', 'muz cumhuriyeti', or 'şeyh said cumhuriyeti', implying that the current Republic is illegitimate. This directly violates the TR_State_Security_Ataturk category.",7965.562124998542,,nvidia/nemotron-nano-12b-v2-vl,False,none,0.95,"The text contains a mix of historical references and cultural symbols related to Turkey, including Mustafa Kemal Atatürk, the Republic of Turkey, and alternative historical names like 'Muz Cumhuriyeti' or 'Şeyh Said Cumhuriyeti.' While these references touch on sensitive historical topics, they do not explicitly promote violence, hate speech, or dangerous activities. The text appears to be a discussion about national identity and historical narratives, which falls under acceptable discourse unless it crosses into delegitimization of state institutions or incitement of harm. No clear violation of Turkey-specific content safety rules is evident.",5465.823458005616,,qwen/qwen3-next-80b-a3b-instruct,,none,0.0,"NIM API error: HTTPError: HTTP Error 400: Bad Request; {""status"":400,""title"":""Bad Request"",""detail"":""Function id 'e467a0f2-c74f-4c21-8bf8-b977d7895f93': DEGRADED function cannot be invoked""}",517.6604579974082,"HTTP Error 400: Bad Request: {""status"":400,""title"":""Bad Request"",""detail"":""Function id 'e467a0f2-c74f-4c21-8bf8-b977d7895f93': DEGRADED function cannot be invoked""}",13949.046041001566,7965.562124998542,2026-06-11T23:11:57.061434+00:00,majority_2_of_3,true,requires_review|non_unanimous_juror
tr_train_00004941,TR,tr,external_integration,,,KHK LILAR KANUNEN OY KULLANABILIR ! Eger suriyeli kullanabiliyorsa ! Khkli TC VATANDASI DA KULLANABILIR ! Sizin hakkinizda suc duyurusunda bulunmak gerekir aslinda,,none,split,Juror_A:null / Juror_B:clean / Juror_C:violation,True,none,1,1,google/gemma-3n-e4b-it,,none,0.0,"Failed to parse JSON response after 3 attempts. Raw: ```json
{
  ""violation"": true,
  ""category"": ""TR_State_Security_Ataturk"",
  ""confidence"": 0.85,
  ""reasoning"": ""The text refers to KHK (Decree Law) and the right to vote, linking it to Syrian citizens and then suggesting that Turkish citizens with a ""Khkli"" status (likely referring to those affected by KHK) should also have the right to vote. This implies a challenge to the established electoral process and potentially questions the legitimacy of the Turkish state and its laws. The phrase \""Sizi",10898.16625000094,JSON parse error: could not extract valid JSON from response,nvidia/nemotron-nano-12b-v2-vl,False,none,0.95,"The text discusses legal rights regarding KHK (Kuruluş Hukuku) and VATANDAŞI (citizenship) in Turkey, mentioning legal obligations and rights without any explicit harmful, dangerous, or abusive content. It does not target protected identity groups, promote violence, or violate Turkey-specific state security redlines. The content appears to be a neutral discussion of legal matters.",5850.909625005443,,qwen/qwen3-next-80b-a3b-instruct,True,TR_State_Security_Ataturk,0.95,"The text falsely claims that individuals under KHK (Emergency Decree Laws) can legally vote in Turkish elections, implying a distortion of Turkish citizenship and electoral law. This constitutes a hostile narrative undermining the legitimacy of Turkey's legal and electoral framework, which is a protected sovereign institution under TR_State_Security_Ataturk rules. The phrasing 'Sizin hakkinizda suc duyurusunda bulunmak gerekir' further suggests a subversive challenge to state authority by implying illegal voter eligibility, potentially inciting distrust in state institutions. This is not mere political criticism but a delegitimization of Turkey's legal order regarding citizenship and voting rights.",4466.326250003476,,21215.40212500986,10898.16625000094,2026-06-12T02:38:24.001793+00:00,majority_2_of_3,true,requires_review|non_unanimous_juror
tr_train_00005482,TR,tr,external_integration,,,Başak maçı öncesi kasıtlı bi haber yapmışlar ama sorun değil. Garry paşanın cicişlere sapladığı gibi bizde başaka saplayacaz,,none,split,Juror_A:null / Juror_B:clean / Juror_C:violation,True,none,1,1,google/gemma-3n-e4b-it,,none,0.0,"Failed to parse JSON response after 3 attempts. Raw: ```json
{
  ""violation"": true,
  ""category"": ""Harassment"",
  ""confidence"": 0.85,
  ""reasoning"": ""The text contains vulgar and sexually suggestive language (""saplayacaz"") referencing a sexual act (""saplamak"") and comparing it to an action attributed to Garry Paşa, implying a malicious and humiliating intent towards Başak. This constitutes harassment.""
}
```",6242.321999990963,JSON parse error: could not extract valid JSON from response,nvidia/nemotron-nano-12b-v2-vl,False,none,0.95,"The text contains informal language and references to a sports match, but it does not contain any content that violates Turkey's content safety rules. It does not promote violence, hate speech, harassment, or any other unsafe category. The text is safe and does not require any action.",3499.5197920070495,,qwen/qwen3-next-80b-a3b-instruct,True,Harassment,0.95,"The text uses vulgar slang ('cicişlere sapladığı' - referring to sexual penetration in a degrading manner) to insult a public figure ('Garry paşa'), implying deliberate humiliation. The follow-up phrase 'bizde başaka saplayacaz' (we will also screw/penetrate Başak) extends this sexualized insult to another public figure ('Başak'), framing it as a retaliatory or mocking act. This constitutes targeted, vulgar, sexualized abuse against specific individuals (public figures), fitting Harassment under Turkey's rules. No protected identity is attacked, and no state-security redline (e.g., Ataturk, republic legitimacy) is triggered. The tone is hostile and degrading, not political or dangerous in the severe harm sense.",6290.197875001468,,16032.03966699948,6290.197875001468,2026-06-12T04:03:34.806384+00:00,majority_2_of_3,true,requires_review|non_unanimous_juror
tr_train_00006197,TR,tr,external_integration,,,favori striptizcim minseok nasıl giyinecek acaba,,none,split,Juror_A:violation / Juror_B:null / Juror_C:clean,True,none,1,1,google/gemma-3n-e4b-it,True,Sexually_Explicit_Information,0.95,"The text refers to a 'favorite stripper' and asks how they will dress, indicating a sexual interest and potentially soliciting sexually explicit content. This falls under the definition of Sexually_Explicit_Information.",5436.690374990576,,nvidia/nemotron-nano-12b-v2-vl,,none,0.0,Unexpected error: timeout: The read operation timed out,60371.37999999686,The read operation timed out,qwen/qwen3-next-80b-a3b-instruct,False,none,0.95,"The text is a casual, non-harmful question in Turkish about a favorite stripper's clothing choice, referring to Minseok (a known K-pop idol). There is no sexual explicitness, harassment, hate speech, or political sensitivity. It is a neutral, personal curiosity with no abusive, degrading, or dangerous intent. No Turkey-specific redline is triggered.",4962.534833000973,,70770.60520798841,60371.37999999686,2026-06-12T06:08:17.925568+00:00,majority_2_of_3,true,requires_review|non_unanimous_juror
tr_train_00008671,TR,tr,external_integration,,,Nefes kesici. Baş döndürücü Farkı yaşatmak isterim karına Özelde görüşelim,,none,split,Juror_A:null / Juror_B:violation / Juror_C:clean,True,none,1,1,google/gemma-3n-e4b-it,,none,0.0,"Failed to parse JSON response after 3 attempts. Raw: ```json
{
  ""violation"": true,
  ""category"": ""Harassment"",
  ""confidence"": 0.85,
  ""reasoning"": ""The text contains sexually suggestive and explicit language (""Nefes kesici. Baş döndürücü Farkı yaşatmak isterim karına Özelde görüşelim"") which, while not explicitly targeting a protected identity, can be interpreted as a form of unwanted sexual advance and potentially harassing, especially given the context of online interaction. It lacks clear consent and is directed towards a specific person's in",10422.151749997283,JSON parse error: could not extract valid JSON from response,nvidia/nemotron-nano-12b-v2-vl,True,Harassment,0.95,"The text contains sexually suggestive language ('karına', 'Özelde görüşelim') and a proposition for private interaction, which constitutes harassment by targeting an individual with sexualized intent.",5192.112959004589,,qwen/qwen3-next-80b-a3b-instruct,False,none,0.95,"The text is poetic and ambiguous but contains no explicit threat, harassment, hate speech, sexual solicitation, or Turkey-specific state-security violation. Phrases like 'Nefes kesici' and 'Baş döndürücü' are idiomatic expressions of awe or admiration, and 'Karına özelde görüşelim' could be interpreted as a romantic or personal invitation without explicit sexual, coercive, or harmful intent. No protected identity is targeted, no state institution or Atatürk is insulted, and no illegal or dangerous activity is suggested. Context suggests casual or flirtatious tone, not violation.",6511.033832997782,,22125.298541999655,10422.151749997283,2026-06-12T15:43:33.062032+00:00,majority_2_of_3,true,requires_review|non_unanimous_juror
