country,clean_text,conflict_source_file,duplicate_count,label_nunique,original_labels,original_source_row_indices,original_sources,original_ids,original_row_orders,final_label,final_source,primary_label,primary_reason,secondary_label,secondary_reason,review_reason,arbitration_triggered,arbitration_reason,arbitrator_label,primary_raw_output,secondary_raw_output,arbitrator_raw_output,primary_error,secondary_error,arbitrator_error,primary_model,secondary_model,arbitrator_model,total_tokens_used,annotated_at,source_row_index,_ann_row_id,tertiary_label,tertiary_reason
TR,#Mahsa_Amini anısına Rojhilat Kürdistan direnişi büyüyerek devam ediyor. LINK,TR_R2_duplicate_text_label_conflicts.csv,2,2,TR_State_Security_Ataturk | safe,"[4, 5]",R1,tr_train_00002699 | tr_train_00008502,"[8137, 13940]",Politically_Sensitive_Topics,initial_models_agree,Politically_Sensitive_Topics,The text mentions a politically sensitive topic related to the Kurdish resistance in Rojhilat Kurdistan.,Politically_Sensitive_Topics,"The text refers to the Mahsa Amini protests and the resistance in Rojhilat Kurdistan, which is a politically sensitive topic related to regional conflicts and separatism.",initial_models_agree,False,,,"{""final_label"":""Politically_Sensitive_Topics"",""reason"":""The text mentions a politically sensitive topic related to the Kurdish resistance in Rojhilat Kurdistan.""}","```json
{""final_label"":""Politically_Sensitive_Topics"",""reason"":""The text refers to the Mahsa Amini protests and the resistance in Rojhilat Kurdistan, which is a politically sensitive topic related to regional conflicts and separatism.""}
```",,,,,meta/llama-3.3-70b-instruct,google/gemma-3n-e4b-it,,6469,2026-06-17T02:16:06.993857+00:00,2,TR_row_00000002,,
TR,#Russia devlet başkanı #Putin kısmi seferberlik ilan etti. Sırbistan CB Vucic’in Şanghay Beşlisi toplantılarında Valadimir Putin’le yaptığı açıklamalara bakarsak 3. Dünya Savaşı çıkacak. Putin’in başta Abd olmak üzere İngiltere ve Avrupa ülkelerine atom bombası atması bekleniyor,TR_R2_duplicate_text_label_conflicts.csv,2,2,Dangerous_Content | Politically_Sensitive_Topics,"[6, 7]",R1,tr_train_00008554 | tr_train_00011528,"[13992, 16966]",Politically_Sensitive_Topics,initial_models_agree,Politically_Sensitive_Topics,The text discusses a potential third world war and Russia's president Putin possibly using atomic bombs against Western countries.,Politically_Sensitive_Topics,"The text discusses a potential 3rd World War and nuclear attacks, referencing political leaders and international relations.",initial_models_agree,False,,,"{""final_label"":""Politically_Sensitive_Topics"",""reason"":""The text discusses a potential third world war and Russia's president Putin possibly using atomic bombs against Western countries.""}","```json
{""final_label"":""Politically_Sensitive_Topics"",""reason"":""The text discusses a potential 3rd World War and nuclear attacks, referencing political leaders and international relations.""}
```",,,,,meta/llama-3.3-70b-instruct,google/gemma-3n-e4b-it,,6560,2026-06-17T02:16:14.666758+00:00,3,TR_row_00000003,,
TR,#Hdpkk ve #Demirtaş duymasın valla seçimlerde tek oy koklatmazlar size 🤣,TR_R2_duplicate_text_label_conflicts.csv,2,2,TR_State_Security_Ataturk | safe,"[2, 3]",R1,tr_train_00001802 | tr_train_00009297,"[7240, 14735]",Politically_Sensitive_Topics,triple_vote_majority,Hate_Speech,The text contains hostile language and insults towards a specific group.,Politically_Sensitive_Topics,"The text references HDP/PKK and Demirtaş, which are politically sensitive topics in Turkey.",initial_model_disagreement,False,,,"{""final_label"":""Hate_Speech"",""reason"":""The text contains hostile language and insults towards a specific group.""}","```json
{""final_label"":""Politically_Sensitive_Topics"",""reason"":""The text references HDP/PKK and Demirtaş, which are politically sensitive topics in Turkey.""}
```",,,,,meta/llama-3.3-70b-instruct,google/gemma-3n-e4b-it,,6452,2026-06-17T02:16:15.236288+00:00,1,TR_row_00000001,Politically_Sensitive_Topics,"The text references a Turkish political party (HDP) and a political figure (Demirtaş) in the context of election outcomes, which falls under politically sensitive topics."
TR,1 saatte o kadar oy sayılıp rejim değişebiliyorsa 1 dk içinde kütüphane sitesi kapatılmış çok mu?,TR_R2_duplicate_text_label_conflicts.csv,2,2,TR_State_Security_Ataturk | safe,"[13, 14]",R1,tr_train_00004881 | tr_train_00006646,"[10319, 12084]",Politically_Sensitive_Topics,initial_models_agree,Politically_Sensitive_Topics,The text discusses political sensitivity and regime change.,Politically_Sensitive_Topics,"The text questions the legitimacy of an election and mentions the closure of a library website, implying political manipulation and censorship.",initial_models_agree,False,,,"{""final_label"":""Politically_Sensitive_Topics"",""reason"":""The text discusses political sensitivity and regime change.""}","```json
{""final_label"":""Politically_Sensitive_Topics"",""reason"":""The text questions the legitimacy of an election and mentions the closure of a library website, implying political manipulation and censorship.""}
```",,,,,meta/llama-3.3-70b-instruct,google/gemma-3n-e4b-it,,6465,2026-06-17T02:16:21.338042+00:00,6,TR_row_00000006,,
TR,24 Haziran 2018 tarihinde yapılacak O_L_A_N Başta Aziz Türk Milleti Olmak üzere Bütün İslam alemine hayırl🔐,TR_R2_duplicate_text_label_conflicts.csv,3,2,TR_State_Security_Ataturk | safe,"[15, 16, 17]",R1,tr_train_00008001 | tr_train_00010060 | tr_train_00010781,"[13439, 15498, 16219]",safe,triple_vote_majority,safe,The text appears to be a neutral greeting and blessing for the Islamic community.,Politically_Sensitive_Topics,"The text refers to a specific date and mentions the Islamic world, potentially related to a political event or statement with broader implications.",initial_model_disagreement,False,,,"{""final_label"":""safe"",""reason"":""The text appears to be a neutral greeting and blessing for the Islamic community.""}","```json
{""final_label"":""Politically_Sensitive_Topics"",""reason"":""The text refers to a specific date and mentions the Islamic world, potentially related to a political event or statement with broader implications.""}
```",,,,,meta/llama-3.3-70b-instruct,google/gemma-3n-e4b-it,,6472,2026-06-17T02:16:22.300967+00:00,7,TR_row_00000007,safe,"The text is a neutral political well-wish for a specific election date and the Turkish nation without any hate speech, violence, or state-security violations."
TR,7 ayfan fazla bir süredir Fakıbaba'nın hikayelerini dinliyoruz El insaf artık Tarımdan bahsediyorsunuz personel eksikliğini gidermiyorsunuz Reis sözler nerde kaldı Hepsi yalan mıydı ZamanYokAcilGTHBAtamaREİS İN,TR_R2_duplicate_text_label_conflicts.csv,2,2,TR_State_Security_Ataturk | safe,"[18, 19]",R1,tr_train_00006659 | tr_train_00008695,"[12097, 14133]",Politically_Sensitive_Topics,initial_models_agree,Politically_Sensitive_Topics,"Text contains criticism of government policies and personnel issues, with a sense of urgency and frustration.",Politically_Sensitive_Topics,"The text contains political commentary and references to a political figure (Reis) and government actions (personel eksikliği gidermiyorsunuz, AtamaREİS), indicating political sensitivity.",initial_models_agree,False,,,"{""final_label"":""Politically_Sensitive_Topics"",""reason"":""Text contains criticism of government policies and personnel issues, with a sense of urgency and frustration.""}","```json
{""final_label"":""Politically_Sensitive_Topics"",""reason"":""The text contains political commentary and references to a political figure (Reis) and government actions (personel eksikliği gidermiyorsunuz, AtamaREİS), indicating political sensitivity.""}
```",,,,,meta/llama-3.3-70b-instruct,google/gemma-3n-e4b-it,,6557,2026-06-17T02:16:29.368161+00:00,8,TR_row_00000008,,
TR,Adana chpkk lı belediyede taciz tecavüz var bilin istedim sizde olunca üstünü örtmeyin,TR_R2_duplicate_text_label_conflicts.csv,2,2,Dangerous_Content | TR_State_Security_Ataturk,"[22, 23]",R1,tr_train_00003362 | tr_train_00010393,"[8800, 15831]",Harassment,initial_models_agree,Harassment,The text contains allegations of harassment and assault within a specific institution.,Harassment,"The text alleges sexual abuse (taciz tecavüz) within a CHP-linked municipality in Adana and urges reporting, indicating malicious abuse and potential intimidation.",initial_models_agree,False,,,"{""final_label"":""Harassment"",""reason"":""The text contains allegations of harassment and assault within a specific institution.""}","```json
{""final_label"":""Harassment"",""reason"":""The text alleges sexual abuse (taciz tecavüz) within a CHP-linked municipality in Adana and urges reporting, indicating malicious abuse and potential intimidation.""}
```",,,,,meta/llama-3.3-70b-instruct,google/gemma-3n-e4b-it,,6466,2026-06-17T02:16:34.489430+00:00,10,TR_row_00000010,,
TR,Anlık açıklamalarinda bu kadar adam topluyorsan miting yapsan neler yapıcan acaba başkan! önülHırsızıKazandı,TR_R2_duplicate_text_label_conflicts.csv,2,2,Harassment | TR_State_Security_Ataturk,"[30, 31]",R1,tr_train_00002420 | tr_train_00006628,"[7858, 12066]",Politically_Sensitive_Topics,initial_models_agree,Politically_Sensitive_Topics,The text contains a politically sensitive comment about a potential rally and an insult towards a president.,Politically_Sensitive_Topics,"The text refers to a political figure ('başkan') and implies potential political action ('miting'), indicating political sensitivity.",initial_models_agree,False,,,"{""final_label"":""Politically_Sensitive_Topics"",""reason"":""The text contains a politically sensitive comment about a potential rally and an insult towards a president.""}","```json
{""final_label"":""Politically_Sensitive_Topics"",""reason"":""The text refers to a political figure ('başkan') and implies potential political action ('miting'), indicating political sensitivity.""}
```",,,,,meta/llama-3.3-70b-instruct,google/gemma-3n-e4b-it,,6478,2026-06-17T02:16:48.034227+00:00,13,TR_row_00000013,,
TR,Allah senin belanı versin sen nasıl egitimcisin o ellerin kırılsın senin görevden alınmalı bu cani en ağır cezayı da çekmeli,TR_R2_duplicate_text_label_conflicts.csv,2,2,Harassment | Hate_Speech,"[24, 25]",R1,tr_train_00009768 | tr_train_00010642,"[15206, 16080]",Dangerous_Content,triple_vote_majority,Harassment,"The text contains direct insults, vulgar abuse, and threats against a specific person.",Dangerous_Content,"The text expresses a wish for severe harm and removal of someone from their position, calling them a 'monster' and demanding the heaviest punishment.",initial_model_disagreement,False,,,"{""final_label"":""Harassment"",""reason"":""The text contains direct insults, vulgar abuse, and threats against a specific person.""}","```json
{""final_label"":""Dangerous_Content"",""reason"":""The text expresses a wish for severe harm and removal of someone from their position, calling them a 'monster' and demanding the heaviest punishment.""}
```",,,,,meta/llama-3.3-70b-instruct,google/gemma-3n-e4b-it,,6476,2026-06-17T02:16:50.977828+00:00,11,TR_row_00000011,Dangerous_Content,The text contains severe violent threats wishing for the breaking of hands and calls for the harshest punishment against a specific individual.
TR,Ami sulanmış alev alev yanan ateşi tavan yapmış kocası yetmeyen doymayan boşalmaya çalışan azmis bayanlar arayın sizi altimda nasıl bagirtaa bagirtaa ezee ezee küfürler ederek hayvanlar gibi dövee dövee si.ecegimi anlatıp fantaziler kurarak bosaltam özele açık 05357319176,TR_R2_duplicate_text_label_conflicts.csv,4,2,Harassment | TR_State_Security_Ataturk,"[26, 27, 28, 29]",R1,tr_train_00001412 | tr_train_00003523 | tr_train_00006777 | tr_train_00011301,"[6850, 8961, 12215, 16739]",Sexually_Explicit_Information,initial_models_agree,Sexually_Explicit_Information,The text contains explicit sexual language and solicitation.,Sexually_Explicit_Information,"The text contains explicit sexual descriptions, solicitation, and references to sexual acts and fantasies.",initial_models_agree,False,,,"{""final_label"":""Sexually_Explicit_Information"",""reason"":""The text contains explicit sexual language and solicitation.""}","```json
{""final_label"":""Sexually_Explicit_Information"",""reason"":""The text contains explicit sexual descriptions, solicitation, and references to sexual acts and fantasies.""}
```",,,,,meta/llama-3.3-70b-instruct,google/gemma-3n-e4b-it,,6572,2026-06-17T02:16:51.057840+00:00,12,TR_row_00000012,,
TR,Apolitik p*ştlara bir doz giyotin 🇫🇷 LINK,TR_R2_duplicate_text_label_conflicts.csv,2,2,Dangerous_Content | Hate_Speech,"[32, 33]",R1,tr_train_00004099 | tr_train_00007937,"[9537, 13375]",Dangerous_Content,triple_vote_majority,Hate_Speech,The text contains a derogatory term and a reference to violence.,Dangerous_Content,"The text contains a threat of violence (guillotine) towards a group of people, indicating a credible threat of harm.",initial_model_disagreement,False,,,"{""final_label"":""Hate_Speech"",""reason"":""The text contains a derogatory term and a reference to violence.""}","```json
{""final_label"":""Dangerous_Content"",""reason"":""The text contains a threat of violence (guillotine) towards a group of people, indicating a credible threat of harm.""}
```",,,,,meta/llama-3.3-70b-instruct,google/gemma-3n-e4b-it,,6438,2026-06-17T02:16:54.205565+00:00,14,TR_row_00000014,Dangerous_Content,The text contains a violent threat involving a guillotine directed at a group of people.
TR,BETON görüntülü cam ̓p̓o̓r̓n̓o̓ sậnậl whatsapp shỗw sohbet t̓ü̓r̓k̓p̓o̓r̓n̓o̓ #ücretlishow #whatsappshow türbanli ensest cam sexting satilik SANTRALİECEKTİM BULUNTUTA FRANCALALIKMAMIŞLAR LINK,TR_R2_duplicate_text_label_conflicts.csv,2,2,Dangerous_Content | Sexually_Explicit_Information,"[36, 37]",R1,tr_train_00007408 | tr_train_00007580,"[12846, 13018]",Sexually_Explicit_Information,initial_models_agree,Sexually_Explicit_Information,The text contains explicit sexual language and intent.,Sexually_Explicit_Information,"The text explicitly references porn, sexual acts, and explicit content, including terms like 'porn', 'cinsel', 'sexting', and 'whatsapp show'.",initial_models_agree,False,,,"{""final_label"":""Sexually_Explicit_Information"",""reason"":""The text contains explicit sexual language and intent.""}","```json
{""final_label"":""Sexually_Explicit_Information"",""reason"":""The text explicitly references porn, sexual acts, and explicit content, including terms like 'porn', 'cinsel', 'sexting', and 'whatsapp show'.""}
```",,,,,meta/llama-3.3-70b-instruct,google/gemma-3n-e4b-it,,6596,2026-06-17T02:16:56.653538+00:00,16,TR_row_00000016,,
TR,Başak maçı öncesi kasıtlı bi haber yapmışlar ama sorun değil. Garry paşanın cicişlere sapladığı gibi bizde başaka saplayacaz,TR_R2_duplicate_text_label_conflicts.csv,3,2,Harassment | safe,"[38, 39, 40]",R1,tr_train_00005482 | tr_train_00006671 | tr_train_00006852,"[10920, 12109, 12290]",Harassment,initial_models_agree,Harassment,The text contains verbal intimidation and hostile language.,Harassment,"The text contains vulgar and sexually suggestive language directed towards a football team, implying a harmful and disrespectful act.",initial_models_agree,False,,,"{""final_label"":""Harassment"",""reason"":""The text contains verbal intimidation and hostile language.""}","```json
{""final_label"":""Harassment"",""reason"":""The text contains vulgar and sexually suggestive language directed towards a football team, implying a harmful and disrespectful act.""}
```",,,,,meta/llama-3.3-70b-instruct,google/gemma-3n-e4b-it,,6468,2026-06-17T02:16:59.455524+00:00,17,TR_row_00000017,,
TR,Boyle cahil serefsizlerle boyle konusmak lazim Başkan onun ağzına sicmadigina dua etsin,TR_R2_duplicate_text_label_conflicts.csv,3,2,Harassment | TR_State_Security_Ataturk,"[45, 46, 47]",R1,tr_train_00000941 | tr_train_00003833 | tr_train_00008413,"[6379, 9271, 13851]",Harassment,initial_models_agree,Harassment,The text contains insults and humiliation towards a specific person or group.,Harassment,"The text contains insults and threats directed at individuals, using abusive language like 'cahil' (ignorant) and 'serefsiz' (dishonorable).",initial_models_agree,False,,,"{""final_label"":""Harassment"",""reason"":""The text contains insults and humiliation towards a specific person or group.""}","```json
{""final_label"":""Harassment"",""reason"":""The text contains insults and threats directed at individuals, using abusive language like 'cahil' (ignorant) and 'serefsiz' (dishonorable).""}
```",,,,,meta/llama-3.3-70b-instruct,google/gemma-3n-e4b-it,,6465,2026-06-17T02:17:11.217450+00:00,20,TR_row_00000020,,
TR,"Ben tanıyorum onları! Abimin hayatını söndürdüler, ocağımıza incir ağacı diktiler. Annemle babamdan, kardeşlerinden ayırdılar abimi, en sonunda meczup edip hayatını kararttılar",TR_R2_duplicate_text_label_conflicts.csv,2,2,Dangerous_Content | Hate_Speech,"[41, 42]",R1,tr_train_00001949 | tr_train_00009493,"[7387, 14931]",Dangerous_Content,triple_vote_majority,Hate_Speech,"The text describes a personal tragedy and accuses a group of ruining the author's brother's life, implying a harmful and discriminatory act.",Dangerous_Content,"The text describes the killing, humiliation, and ruining of someone's life, indicating a credible threat and severe harm.",initial_model_disagreement,False,,,"{""final_label"":""Hate_Speech"",""reason"":""The text describes a personal tragedy and accuses a group of ruining the author's brother's life, implying a harmful and discriminatory act.""}","```json
{""final_label"":""Dangerous_Content"",""reason"":""The text describes the killing, humiliation, and ruining of someone's life, indicating a credible threat and severe harm.""}
```",,,,,meta/llama-3.3-70b-instruct,google/gemma-3n-e4b-it,,6524,2026-06-17T02:17:21.708613+00:00,18,TR_row_00000018,Dangerous_Content,"The text describes a credible threat of killing ('söndürdüler' - extinguished their life) and severe harm against a specific individual's family, implying violent crime or terrorism."
TR,Demirtaş PKKlı amk istediğini söylesin hiç bir şeye hakkı yok Türkiye Cumhuriyetinde. Erdoğan sevmesem bile bur terror örgütü yanlıssınîn hiç bir şeye hakkı yok!,TR_R2_duplicate_text_label_conflicts.csv,2,2,Hate_Speech | TR_State_Security_Ataturk,"[52, 53]",R1,tr_train_00003950 | tr_train_00010359,"[9388, 15797]",Hate_Speech,initial_models_agree,Hate_Speech,The text contains hostile language and attacks against a specific group and its supporters.,Hate_Speech,"The text uses derogatory language ('amk', 'şerefsiz') and accuses Demirtaş of being a terrorist sympathizer, denying his rights in the Turkish Republic, which constitutes a targeted attack and degradation.",initial_models_agree,False,,,"{""final_label"":""Hate_Speech"",""reason"":""The text contains hostile language and attacks against a specific group and its supporters.""}","```json
{""final_label"":""Hate_Speech"",""reason"":""The text uses derogatory language ('amk', 'şerefsiz') and accuses Demirtaş of being a terrorist sympathizer, denying his rights in the Turkish Republic, which constitutes a targeted attack and degradation.""}
```",,,,,meta/llama-3.3-70b-instruct,google/gemma-3n-e4b-it,,6515,2026-06-17T02:17:25.590185+00:00,23,TR_row_00000023,,
TR,Eminönü’nde çok ucuz almayanı dövüyolar,TR_R2_duplicate_text_label_conflicts.csv,2,2,Dangerous_Content | Harassment,"[58, 59]",R1,tr_train_00001549 | tr_train_00002780,"[6987, 8218]",Dangerous_Content,triple_vote_majority,Harassment,Text contains a threat of violence.,Dangerous_Content,The text describes physical violence and threats related to purchasing something in Eminönü.,initial_model_disagreement,False,,,"{""final_label"":""Harassment"",""reason"":""Text contains a threat of violence.""}","```json
{""final_label"":""Dangerous_Content"",""reason"":""The text describes physical violence and threats related to purchasing something in Eminönü.""}
```",,,,,meta/llama-3.3-70b-instruct,google/gemma-3n-e4b-it,,6417,2026-06-17T02:17:33.091128+00:00,26,TR_row_00000026,Dangerous_Content,The text describes credible threats of physical violence against individuals in a specific location.
TR,Dolmabahcede kirmizi halilari serenlere gosterin bu resmi meryem hanim. Senin gibi aptallarin elektrik ft ile yaşayan kanal Trt de röportaj ile pkk ya kucak açanlara gosterin. Öcalana sayın diyen macun götlü Arınç beye gösterin,TR_R2_duplicate_text_label_conflicts.csv,2,2,Hate_Speech | TR_State_Security_Ataturk,"[54, 55]",R1,tr_train_00009127 | tr_train_00009318,"[14565, 14756]",Hate_Speech,initial_models_agree,Hate_Speech,The text contains insults and humiliation targeting specific individuals and groups.,Hate_Speech,"The text uses derogatory and insulting language ('aptallarin', 'macun götlü') targeting individuals and groups, and criticizes their political stances in a hostile manner.",initial_models_agree,False,,,"{""final_label"":""Hate_Speech"",""reason"":""The text contains insults and humiliation targeting specific individuals and groups.""}","```json
{""final_label"":""Hate_Speech"",""reason"":""The text uses derogatory and insulting language ('aptallarin', 'macun götlü') targeting individuals and groups, and criticizes their political stances in a hostile manner.""}
```",,,,,meta/llama-3.3-70b-instruct,google/gemma-3n-e4b-it,,6561,2026-06-17T02:17:35.353785+00:00,24,TR_row_00000024,,
TR,"Fetoculerin kayığına binip, propaganda yapmakta ne bileyim ;) LINK",TR_R2_duplicate_text_label_conflicts.csv,3,2,Hate_Speech | TR_State_Security_Ataturk,"[60, 61, 62]",R1,tr_train_00004102 | tr_train_00007579 | tr_train_00007768,"[9540, 13017, 13206]",Politically_Sensitive_Topics,triple_vote_majority,Politically_Sensitive_Topics,Text contains a reference to a sensitive political topic in Turkey.,Dangerous_Content,"The text references FETÖ (Fetullahist Terror Organization) and propaganda, which are associated with terrorism and potentially dangerous activities.",initial_model_disagreement,False,,,"{""final_label"":""Politically_Sensitive_Topics"",""reason"":""Text contains a reference to a sensitive political topic in Turkey.""}","```json
{""final_label"":""Dangerous_Content"",""reason"":""The text references FETÖ (Fetullahist Terror Organization) and propaganda, which are associated with terrorism and potentially dangerous activities.""}
```",,,,,meta/llama-3.3-70b-instruct,google/gemma-3n-e4b-it,,6442,2026-06-17T02:17:38.160708+00:00,27,TR_row_00000027,Politically_Sensitive_Topics,"The text references 'Fetoculer' (followers of Fethullah Gülen), a group designated as a terrorist organization in Turkey, and mentions propaganda, which falls under political sensitivity and potential public disorder."
TR,Fetöye destek veriyorlar hala. Utanmaz arlanmaz bunlar,TR_R2_duplicate_text_label_conflicts.csv,3,2,Hate_Speech | TR_State_Security_Ataturk,"[63, 64, 65]",R1,tr_train_00003260 | tr_train_00003566 | tr_train_00010755,"[8698, 9004, 16193]",Politically_Sensitive_Topics,initial_models_agree,Politically_Sensitive_Topics,Text implies support for a controversial group and contains derogatory language towards them.,Politically_Sensitive_Topics,"The text references FETÖ, a group deemed a terrorist organization in Turkey, indicating political sensitivity.",initial_models_agree,False,,,"{""final_label"":""Politically_Sensitive_Topics"",""reason"":""Text implies support for a controversial group and contains derogatory language towards them.""}","```json
{""final_label"":""Politically_Sensitive_Topics"",""reason"":""The text references FETÖ, a group deemed a terrorist organization in Turkey, indicating political sensitivity.""}
```",,,,,meta/llama-3.3-70b-instruct,google/gemma-3n-e4b-it,,6435,2026-06-17T02:17:38.421179+00:00,28,TR_row_00000028,,
TR,Filiz hanım sorduunuz bakın Mustafa Kemal’in askerleri burada destekleri arkamda Mustafa kemal Atatürk Türkiyedir siz profil resminizi Türk Vatandaşı yazmayın siz bence 15 Temmuz Cumhuriyet yazın muz cumhuriyeti de yazabilirsiniz ya da şeyh said cumhuriyeti yazabilirsiniz,TR_R2_duplicate_text_label_conflicts.csv,2,2,TR_State_Security_Ataturk | safe,"[66, 67]",R1,tr_train_00004143 | tr_train_00010701,"[9581, 16139]",TR_State_Security_Ataturk,initial_models_agree,TR_State_Security_Ataturk,"The text contains references to Atatürk and the Turkish Republic, with a tone that could be seen as questioning or mocking the legitimacy of the Turkish state or its founding principles.",TR_State_Security_Ataturk,"The text contains multiple references to Atatürk and the Turkish Republic, with a demand to change profile information to reflect a specific political viewpoint, potentially delegitimizing the current republic.",initial_models_agree,False,,,"{""final_label"":""TR_State_Security_Ataturk"",""reason"":""The text contains references to Atatürk and the Turkish Republic, with a tone that could be seen as questioning or mocking the legitimacy of the Turkish state or its founding principles.""}","```json
{""final_label"":""TR_State_Security_Ataturk"",""reason"":""The text contains multiple references to Atatürk and the Turkish Republic, with a demand to change profile information to reflect a specific political viewpoint, potentially delegitimizing the current republic.""}
```",,,,,meta/llama-3.3-70b-instruct,google/gemma-3n-e4b-it,,6578,2026-06-17T02:17:44.772917+00:00,29,TR_row_00000029,,
TR,Fransada yeni moda :) Le Havre taraftarı saha indi futbolculara dövmek için,TR_R2_duplicate_text_label_conflicts.csv,2,2,Dangerous_Content | Harassment,"[68, 69]",R1,tr_train_00003248 | tr_train_00011212,"[8686, 16650]",Dangerous_Content,triple_vote_majority,Harassment,Text contains intent to physically harm football players,Dangerous_Content,"The text describes a violent act of attacking football players, indicating a credible threat of physical harm.",initial_model_disagreement,False,,,"{""final_label"":""Harassment"",""reason"":""Text contains intent to physically harm football players""}","```json
{""final_label"":""Dangerous_Content"",""reason"":""The text describes a violent act of attacking football players, indicating a credible threat of physical harm.""}
```",,,,,meta/llama-3.3-70b-instruct,google/gemma-3n-e4b-it,,6435,2026-06-17T02:17:50.243490+00:00,30,TR_row_00000030,Dangerous_Content,"The text describes a violent mob attack where fans enter the field to beat football players, which constitutes credible violent threats and severe physical harm."
TR,Hepsine gözlerim ile şahit oldum.Eminim ki o pkklılar çözüm süreci ile gerdeğe girdikleri akpnin emri ile oraya gelip geziyi terör eylemi gibi göstermeye çalıştılar.Amaçları buydu.Ama halk bunu yemez anca çomarları kandırırlar.Gezi bu ülkenin ruhudur,TR_R2_duplicate_text_label_conflicts.csv,3,2,Dangerous_Content | TR_State_Security_Ataturk,"[74, 75, 76]",R1,tr_train_00003554 | tr_train_00008437 | tr_train_00009023,"[8992, 13875, 14461]",Politically_Sensitive_Topics,initial_models_agree,Politically_Sensitive_Topics,Text discusses Gezi events and accuses a political group of manipulating the situation for their own purposes.,Politically_Sensitive_Topics,"The text discusses the Gezi Park protests and accuses PKK members of manipulating the events with the AKP's orders, referencing a politically sensitive topic.",initial_models_agree,False,,,"{""final_label"":""Politically_Sensitive_Topics"",""reason"":""Text discusses Gezi events and accuses a political group of manipulating the situation for their own purposes.""}","```json
{""final_label"":""Politically_Sensitive_Topics"",""reason"":""The text discusses the Gezi Park protests and accuses PKK members of manipulating the events with the AKP's orders, referencing a politically sensitive topic.""}
```",,,,,meta/llama-3.3-70b-instruct,google/gemma-3n-e4b-it,,6580,2026-06-17T02:17:55.970429+00:00,33,TR_row_00000033,,
TR,"In 1992 and 1993, there have been six major waves of attacks committed by the PKK in Germany. cümlesi 1992 ve 1993 yıllarında Almanya Kürtleri tarafından Almanya Türkleri ne karşı altı büyük saldırı dalgası düzenlenmiştir. olarak çevirilmiştir. Art niyetini aramak istemiyorum. Umarım hatalı çeviridir. Takabeg",TR_R2_duplicate_text_label_conflicts.csv,3,2,Dangerous_Content | safe,"[79, 80, 81]",R1,tr_train_00003761 | tr_train_00005428 | tr_train_00007908,"[9199, 10866, 13346]",Politically_Sensitive_Topics,initial_models_agree,Politically_Sensitive_Topics,The text discusses historical attacks and potential conflict between groups.,Politically_Sensitive_Topics,"The text refers to attacks committed by the PKK, a separatist organization, which is a politically sensitive topic related to conflict and terrorism.",initial_models_agree,False,,,"{""final_label"":""Politically_Sensitive_Topics"",""reason"":""The text discusses historical attacks and potential conflict between groups.""}","```json
{""final_label"":""Politically_Sensitive_Topics"",""reason"":""The text refers to attacks committed by the PKK, a separatist organization, which is a politically sensitive topic related to conflict and terrorism.""}
```",,,,,meta/llama-3.3-70b-instruct,google/gemma-3n-e4b-it,,6580,2026-06-17T02:18:01.962322+00:00,35,TR_row_00000035,,
TR,"Irksız araform , gomünist - hümanist TÜRK Soycusu olmaktan iftihar ederim 🐺🇹🇷",TR_R2_duplicate_text_label_conflicts.csv,2,2,Hate_Speech | safe,"[82, 83]",R1,tr_train_00000863 | tr_train_00005569,"[6301, 11007]",safe,triple_vote_majority,safe,The text expresses pride in being a Turkish socialist-humanist without targeting any group or individual with hate or harassment.,Hate_Speech,"The text uses nationalist language ('TÜRK Soycusu') combined with a political ideology ('gomünist - hümanist') in a potentially exclusionary and divisive manner, which can be interpreted as a form of hate speech targeting those not aligning with this specific ideology and nationalist identity.",initial_model_disagreement,False,,,"{""final_label"":""safe"",""reason"":""The text expresses pride in being a Turkish socialist-humanist without targeting any group or individual with hate or harassment.""}","```json
{""final_label"":""Hate_Speech"",""reason"":""The text uses nationalist language ('TÜRK Soycusu') combined with a political ideology ('gomünist - hümanist') in a potentially exclusionary and divisive manner, which can be interpreted as a form of hate speech targeting those not aligning with this specific ideology and nationalist identity.""}
```",,,,,meta/llama-3.3-70b-instruct,google/gemma-3n-e4b-it,,6507,2026-06-17T02:18:16.310562+00:00,36,TR_row_00000036,safe,"The text expresses a nationalist political identity and pride in being a Turkish nationalist without attacking protected groups, violating state-security redlines, or promoting violence."
TR,"Hocam biz tek tek isim isim Kılıçdaroğlu'nun nasıl bir proje olduğunu, Y-CHP içerisindeki isimlerin başta Kılıçdaroğlu olmak üzere TESEV,Friedrich Eberth Vakfı,Vatikan,Clinton Vakfı, SOROS bağlantılarını İÇERİDEN FETHEDİLEN KALE:CHP flood serimizde 9 bölüm yazdık.Okuyun derim",TR_R2_duplicate_text_label_conflicts.csv,2,2,Hate_Speech | TR_State_Security_Ataturk,"[77, 78]",R1,tr_train_00002354 | tr_train_00006391,"[7792, 11829]",Politically_Sensitive_Topics,initial_models_agree,Politically_Sensitive_Topics,Text discusses political connections and projects in a sensitive manner.,Politically_Sensitive_Topics,"The text discusses political figures and organizations (Kılıçdaroğlu, CHP, TESEV, Friedrich Eberth Vakfı, Vatikan, Clinton Vakfı, SOROS) and implies hidden connections, which falls under politically sensitive topics.",initial_models_agree,False,,,"{""final_label"":""Politically_Sensitive_Topics"",""reason"":""Text discusses political connections and projects in a sensitive manner.""}","```json
{""final_label"":""Politically_Sensitive_Topics"",""reason"":""The text discusses political figures and organizations (Kılıçdaroğlu, CHP, TESEV, Friedrich Eberth Vakfı, Vatikan, Clinton Vakfı, SOROS) and implies hidden connections, which falls under politically sensitive topics.""}
```",,,,,meta/llama-3.3-70b-instruct,google/gemma-3n-e4b-it,,6612,2026-06-17T02:18:19.855434+00:00,34,TR_row_00000034,,
TR,"Güneydoğu Anadolu senin götün mü, önüne gelene satasın? LINK",TR_R2_duplicate_text_label_conflicts.csv,2,2,Hate_Speech | TR_State_Security_Ataturk,"[72, 73]",R1,tr_train_00003148 | tr_train_00003595,"[8586, 9033]",Hate_Speech,triple_vote_majority,Harassment,The text contains direct insults and vulgar abuse.,Hate_Speech,"The text uses highly offensive and degrading language targeting a specific regional identity, implying dehumanization and suggesting violence.",initial_model_disagreement,False,,,"{""final_label"":""Harassment"",""reason"":""The text contains direct insults and vulgar abuse.""}","```json
{""final_label"":""Hate_Speech"",""reason"":""The text uses highly offensive and degrading language targeting a specific regional identity, implying dehumanization and suggesting violence.""}
```",,,,,meta/llama-3.3-70b-instruct,google/gemma-3n-e4b-it,,6432,2026-06-17T02:18:21.842417+00:00,32,TR_row_00000032,Hate_Speech,"The text uses sexualized degradation and insults to attack a specific geographic region and its inhabitants, constituting collective humiliation based on regional origin."
TR,KENDİRCİ * DOYUMLUK ELMALIK #ücretlishow #whatsappshow görüntülüshow türbanlı show cam SİGARASIZ ÇEKİRDEKÇİ YALATMAK SABUNHANE LINK,TR_R2_duplicate_text_label_conflicts.csv,2,2,Sexually_Explicit_Information | safe,"[86, 87]",R1,tr_train_00004119 | tr_train_00006033,"[9557, 11471]",Sexually_Explicit_Information,initial_models_agree,Sexually_Explicit_Information,The text contains sexually explicit language and intent.,Sexually_Explicit_Information,"The text contains explicit sexual references and promotes sexual acts, using suggestive language and hashtags commonly associated with explicit content.",initial_models_agree,False,,,"{""final_label"":""Sexually_Explicit_Information"",""reason"":""The text contains sexually explicit language and intent.""}","```json
{""final_label"":""Sexually_Explicit_Information"",""reason"":""The text contains explicit sexual references and promotes sexual acts, using suggestive language and hashtags commonly associated with explicit content.""}
```",,,,,meta/llama-3.3-70b-instruct,google/gemma-3n-e4b-it,,6508,2026-06-17T02:18:24.708041+00:00,38,TR_row_00000038,,
TR,KILL YOURSELF. KILL YOURSELF KILL YOURSELF KILL YOURSELF KILL YOURSELF KILL YOURSELF KILL YOURSELF KILL YOURSELF KILL YOURSELF KILL YOURSELF KILL YOURSELF KILL YOURSELF KILL YOURSELF KILL YOURSELF KILL YOURSELF KILL YOURSELF KILL YOURSELF KILL YOURSELF KILL YOURSELF KILL YOURSELF KILL YOURSELF KILL YOURSELF KILL YOURSELF KILL YOURSELF KILL YOURSELF KILL YOURSELF KILL YOURSELF KILL YOURSELF KILL YOURSELF KILL YOURSELF KILL YOURSELF KILL YOURSELF KILL YOURSELF KILL YOURSELF KILL YOURSELF KILL YOURSELF KILL YOURSELF KILL YOURSELF KILL YOURSELF KILL YOURSELF KILL YOURSELF KILL YOURSELF KILL YOURSELF KILL YOURSELF KILL YOURSELF KILL YOURSELF KILL YOURSELF KILL YOURSELF KILL YOURSELF KILL YOURSELF KILL YOURSELF KILL YOURSELF KILL YOURSELF KILL YOURSELF KILL YOURSELF KILL YOURSELF KILL YOURSELF KILL YOURSELF KILL YOURSELF KILL YOURSELF KILL YOURSELF KILL YOURSELF KILL YOURSELF KILL YOURSELF KILL YOURSELF KILL YOURSELF KILL YOURSELF KILL YOURSELF KILL YOURSELF KILL YOURSELF KILL YOURSELF KILL YOURSELF KILL YOURSELF KILL YOURSELF KILL YOURSELF KILL YOURSELF KILL YOURSELF KILL YOURSELF KILL YOURSELF KILL YOURSELF KILL YOURSELF KILL YOURSELF KILL YOURSELF KILL YOURSELF KILL YOURSELF KILL YOURSELF KILL YOURSELF KILL YOURSELF KILL YOURSELF KILL YOURSELF KILL YOURSELF KILL YOURSELF KILL YOURSELF KILL YOURSELF KILL YOURSELF KILL YOURSELF KILL YOURSELF KILL YOURSELF KILL YOURSELF KILL YOURSELF KILL YOURSELF KILL YOURSELF KILL YOURSELF KILL YOURSELF KILL YOURSELF KILL YOURSELF KILL YOURSELF KILL YOURSELF KILL YOURSELF KILL YOURSELF KILL YOURSELF KILL YOURSELF KILL YOURSELF KILL YOURSELF KILL YOURSELF KILL YOURSELF KILL YOURSELF KILL YOURSELF KILL YOURSELF KILL YOURSELF KILL YOURSELF KILL YOURSELF KILL YOURSELF KILL YOURSELF KILL YOURSELF KILL YOURSELF KILL YOURSELF KILL YOURSELF KILL YOURSELF KILL YOURSELF KILL YOURSELF KILL YOURSELF KILL YOURSELF KILL YOURSELF KILL YOURSELF KILL YOURSELF KILL YOURSELF KILL YOURSELF KILL YOURSELF KILL YOURSELF KILL YOURSELF KILL YOURSELF KILL YOURSE,TR_R2_duplicate_text_label_conflicts.csv,2,2,Dangerous_Content | safe,"[88, 89]",R1,tr_train_00004115 | tr_train_00011698,"[9553, 17136]",Dangerous_Content,triple_vote_majority,Harassment,The text contains repeated and intense verbal abuse with self-harm encouragement.,Dangerous_Content,"This text contains a direct and explicit threat of self-harm, which is a form of dangerous content.",initial_model_disagreement,False,,,"{""final_label"":""Harassment"",""reason"":""The text contains repeated and intense verbal abuse with self-harm encouragement.""}","```json
{""final_label"":""Dangerous_Content"",""reason"":""This text contains a direct and explicit threat of self-harm, which is a form of dangerous content.""}
```",,,,,meta/llama-3.3-70b-instruct,google/gemma-3n-e4b-it,,7402,2026-06-17T02:18:28.746324+00:00,39,TR_row_00000039,Dangerous_Content,"The text contains repeated, explicit instructions to commit suicide, which constitutes severe self-harm encouragement and credible violent threats."
TR,Kadın dediğin bi yandan bulaşık yıkarken bi yandan blok flütle mama aym in lav vit e kıriminal çalabilecek. Ben bunu bilir bunu söylerim,TR_R2_duplicate_text_label_conflicts.csv,2,2,Harassment | safe,"[90, 91]",R1,tr_train_00002723 | tr_train_00008023,"[8161, 13461]",Hate_Speech,triple_vote_majority,Hate_Speech,The text contains misogynistic language and degrading stereotypes about women.,safe,"The text is a humorous and exaggerated statement about a woman's multitasking abilities, containing no harmful or sensitive content.",initial_model_disagreement,False,,,"{""final_label"":""Hate_Speech"",""reason"":""The text contains misogynistic language and degrading stereotypes about women.""}","```json
{""final_label"":""safe"",""reason"":""The text is a humorous and exaggerated statement about a woman's multitasking abilities, containing no harmful or sensitive content.""}
```",,,,,meta/llama-3.3-70b-instruct,google/gemma-3n-e4b-it,,6470,2026-06-17T02:18:29.719295+00:00,40,TR_row_00000040,Hate_Speech,"The text promotes gender-based stereotypes and degrades women by reducing them to domestic laborers while mocking their ability to play music, constituting misogyny."
TR,Jon snowa laf edenin sikerim dalağını halkı için sevdasından vazgeçti adam.. Ajdjsnn,TR_R2_duplicate_text_label_conflicts.csv,2,2,Harassment | safe,"[84, 85]",R1,tr_train_00002555 | tr_train_00004437,"[7993, 9875]",Harassment,initial_models_agree,Harassment,The text contains a direct insult and threat.,Harassment,The text contains threats and insults directed at someone who mentioned Jon Snow.,initial_models_agree,False,,,"{""final_label"":""Harassment"",""reason"":""The text contains a direct insult and threat.""}","```json
{""final_label"":""Harassment"",""reason"":""The text contains threats and insults directed at someone who mentioned Jon Snow.""}
```",,,,,meta/llama-3.3-70b-instruct,google/gemma-3n-e4b-it,,6440,2026-06-17T02:18:35.375271+00:00,37,TR_row_00000037,,
TR,Metin Akpınar faşistlikten ve faşistlerin sonlarının nasıl olduğundan bahsetti akepe genel başkanının adı geçmedi siz Recep beyin faşist olduğunu mu düşünüyorsunuz !? Yani faşist denilince aklınıza neden akepe genel başkanı geldi ?,TR_R2_duplicate_text_label_conflicts.csv,2,2,Harassment | TR_State_Security_Ataturk,"[98, 99]",R1,tr_train_00002755 | tr_train_00005051,"[8193, 10489]",Politically_Sensitive_Topics,triple_vote_majority,Hate_Speech,"The text contains hate speech against a specific group and individual, implying they are fascists.",Politically_Sensitive_Topics,"The text discusses political ideologies (fascism) and mentions political figures (Recep Bey, Akpınar), raising concerns about political sensitivity and potential misinformation.",initial_model_disagreement,False,,,"{""final_label"":""Hate_Speech"",""reason"":""The text contains hate speech against a specific group and individual, implying they are fascists.""}","```json
{""final_label"":""Politically_Sensitive_Topics"",""reason"":""The text discusses political ideologies (fascism) and mentions political figures (Recep Bey, Akpınar), raising concerns about political sensitivity and potential misinformation.""}
```",,,,,meta/llama-3.3-70b-instruct,google/gemma-3n-e4b-it,,6546,2026-06-17T02:18:41.250106+00:00,44,TR_row_00000044,Politically_Sensitive_Topics,"The text discusses political figures and uses the term 'fascist' in a heated debate about political leadership, which falls under politically sensitive topics involving public figures and political ideology."
TR,"Kutu abi, Kaç gün geçti hala aramadın Yani kızgın değilim ama ***oşluk ediyon be abi Otogarda bir bardak çayını benden esirgediysen anlarım da abi Hal de bana fatura kestirmeyebilirdin pek hala 2 kamyon mal getirdim sana be abim, insaf eyle Kışta kıyamette kendi ellerimle seçtim her birini mına koyim, saatlerce B**tan şartlarda 3 kuruş yapacaz biz de be abi Önümüz bahar, malum mına kodumun okulları açılacak Geçen gün bir hesap yapmışım abi, ülser oldum valla Hatırlar mısın, Fevzi nin sünnetinde çeyrek altın takmıştın O gün bugündur tapar Kutu amcasına, pek sever seni Büyüyünce senin gibi olacağını söylerdi hep Çocuğa iş kuralım dedik, elini cebine atmadın be abi Şimdi ağzı kokuyor garibimin, ne b** yiycez bilmiyoz Yani ne üzerine çalışacak, napacak, bir yanda borç, harç, senetler Artık burama kadar geldi be abi Bazen diyom, s**erim belasını bu dünyanın Al beyliği vur kendini Şevki, ne kasıyon yaşamaya Tabi sen ne anlarsın garibin halinden be abi Sen Mercedesinle gezip elin bacılarına vuruyon Bizim karının gözü dışarda, pis o****u Onu da ne s**ime aldım evime bilmiyom abi valla bilmiyom Neyse, müsait bir zamanında ara da dertleşelim be abi Şevki Not: Aramayan top olsun e mi (Eminem - Stan adlı parçanın Mahmut Abi kavırıdır D )",TR_R2_duplicate_text_label_conflicts.csv,2,2,Harassment | safe,"[94, 95]",R1,tr_train_00000160 | tr_train_00000984,"[5598, 6422]",Harassment,initial_models_agree,Harassment,"The text contains insults, humiliation, and verbal intimidation towards a specific person.",Harassment,"The text contains insults, vulgar abuse, and personal attacks targeting the recipient, including derogatory terms and accusations about his family and personal life.",initial_models_agree,False,,,"{""final_label"":""Harassment"",""reason"":""The text contains insults, humiliation, and verbal intimidation towards a specific person.""}","```json
{""final_label"":""Harassment"",""reason"":""The text contains insults, vulgar abuse, and personal attacks targeting the recipient, including derogatory terms and accusations about his family and personal life.""}
```",,,,,meta/llama-3.3-70b-instruct,google/gemma-3n-e4b-it,,7208,2026-06-17T02:18:45.139407+00:00,42,TR_row_00000042,,
TR,Ne aglakmiş bu tayyip seçim biteli 2 ay oldu hala seçim istiyor pes yani,TR_R2_duplicate_text_label_conflicts.csv,2,2,Harassment | TR_State_Security_Ataturk,"[100, 101]",R1,tr_train_00008773 | tr_train_00010124,"[14211, 15562]",Politically_Sensitive_Topics,initial_models_agree,Politically_Sensitive_Topics,Text expresses frustration and criticism towards a political figure and the election process.,Politically_Sensitive_Topics,"The text expresses dissatisfaction with the election results and implies a desire for further elections, which is a politically sensitive topic.",initial_models_agree,False,,,"{""final_label"":""Politically_Sensitive_Topics"",""reason"":""Text expresses frustration and criticism towards a political figure and the election process.""}","```json
{""final_label"":""Politically_Sensitive_Topics"",""reason"":""The text expresses dissatisfaction with the election results and implies a desire for further elections, which is a politically sensitive topic.""}
```",,,,,meta/llama-3.3-70b-instruct,google/gemma-3n-e4b-it,,6447,2026-06-17T02:18:45.632387+00:00,45,TR_row_00000045,,
TR,Negehan Alçı işte ETR’ın diploması diye ortalığa çıktı.. ’nın diplomasını yayınlamak sanamı düştü.. diplomasını miting meydanlarında bir kez gösterse bütün dünya zaten haberdar olur..’nın diplomasını göstereceği mercii belli.. Bunca yıl gırtlak patlatıldığında nerdeydin,TR_R2_duplicate_text_label_conflicts.csv,2,2,Harassment | TR_State_Security_Ataturk,"[102, 103]",R1,tr_train_00001633 | tr_train_00005599,"[7071, 11037]",Harassment,triple_vote_majority,Harassment,The text contains direct insults and humiliation towards a specific person.,Politically_Sensitive_Topics,"The text refers to a political figure's diploma and criticizes their actions, implying political commentary and potentially referencing sensitive political events.",initial_model_disagreement,False,,,"{""final_label"":""Harassment"",""reason"":""The text contains direct insults and humiliation towards a specific person.""}","```json
{""final_label"":""Politically_Sensitive_Topics"",""reason"":""The text refers to a political figure's diploma and criticizes their actions, implying political commentary and potentially referencing sensitive political events.""}
```",,,,,meta/llama-3.3-70b-instruct,google/gemma-3n-e4b-it,,6566,2026-06-17T02:18:59.310453+00:00,46,TR_row_00000046,Harassment,"The text attacks a specific individual, Negehan Alçı, by questioning her credentials and using hostile language to shame her publicly."
TR,Oku saplasınlar mı boğazından ne bekliyorsun,TR_R2_duplicate_text_label_conflicts.csv,2,2,Dangerous_Content | Harassment,"[109, 110]",R1,tr_train_00003133 | tr_train_00007127,"[8571, 12565]",Harassment,initial_models_agree,Harassment,The text contains verbal abuse and insults.,Harassment,The text contains abusive and threatening language directed at an unspecified person.,initial_models_agree,False,,,"{""final_label"":""Harassment"",""reason"":""The text contains verbal abuse and insults.""}","```json
{""final_label"":""Harassment"",""reason"":""The text contains abusive and threatening language directed at an unspecified person.""}
```",,,,,meta/llama-3.3-70b-instruct,google/gemma-3n-e4b-it,,6413,2026-06-17T02:19:03.624557+00:00,49,TR_row_00000049,,
TR,Niye? Bu defa başaramamın korkusu mu sardı? Ya oyun geri teperse? Yine kan mı dökeceksin? Büzüklerin Efendisi de sana uymuş gidiyor işte,TR_R2_duplicate_text_label_conflicts.csv,2,2,Harassment | safe,"[104, 105]",R1,tr_train_00003106 | tr_train_00006099,"[8544, 11537]",Harassment,initial_models_agree,Harassment,The text contains hostile language and intimidation.,Harassment,"The text contains insults and threats directed at an individual, using derogatory language and expressing fear of violence.",initial_models_agree,False,,,"{""final_label"":""Harassment"",""reason"":""The text contains hostile language and intimidation.""}","```json
{""final_label"":""Harassment"",""reason"":""The text contains insults and threats directed at an individual, using derogatory language and expressing fear of violence.""}
```",,,,,meta/llama-3.3-70b-instruct,google/gemma-3n-e4b-it,,6484,2026-06-17T02:19:20.449527+00:00,47,TR_row_00000047,,
TR,Sen sen Fetöcü yazşak deyil isen niye zoruna gidiyor biz fetöye vurdukca ses sizden geliyor daha neler var neler kuduracaksınız sizde kaçacaksınız bu mubarek topraklardan hainleri temizlemeye yemin ettik,TR_R2_duplicate_text_label_conflicts.csv,2,2,Hate_Speech | TR_State_Security_Ataturk,"[115, 116]",R1,tr_train_00002272 | tr_train_00011697,"[7710, 17135]",Hate_Speech,initial_models_agree,Hate_Speech,"The text contains hostile language and threats towards a group associated with Fetö, implying they are traitors and should be removed from the country.",Hate_Speech,"The text uses derogatory terms ('Fetöcü') and accuses a group of being traitors, inciting hostility and potentially violence.",initial_models_agree,False,,,"{""final_label"":""Hate_Speech"",""reason"":""The text contains hostile language and threats towards a group associated with Fetö, implying they are traitors and should be removed from the country.""}","```json
{""final_label"":""Hate_Speech"",""reason"":""The text uses derogatory terms ('Fetöcü') and accuses a group of being traitors, inciting hostility and potentially violence.""}
```",,,,,meta/llama-3.3-70b-instruct,google/gemma-3n-e4b-it,,6542,2026-06-17T02:19:21.968950+00:00,52,TR_row_00000052,,
TR,Seni bulup çükünden asacağım,TR_R2_duplicate_text_label_conflicts.csv,3,2,Dangerous_Content | Harassment,"[119, 120, 121]",R1,tr_train_00003855 | tr_train_00005532 | tr_train_00011343,"[9293, 10970, 16781]",Dangerous_Content,triple_vote_majority,Harassment,The text contains a direct and violent threat.,Dangerous_Content,The text expresses a credible threat of violence and self-harm.,initial_model_disagreement,False,,,"{""final_label"":""Harassment"",""reason"":""The text contains a direct and violent threat.""}","```json
{""final_label"":""Dangerous_Content"",""reason"":""The text expresses a credible threat of violence and self-harm.""}
```",,,,,meta/llama-3.3-70b-instruct,google/gemma-3n-e4b-it,,6404,2026-06-17T02:19:33.684761+00:00,54,TR_row_00000054,Dangerous_Content,The text contains a credible threat of severe physical violence and killing.
TR,Selam. Defalarca gerçek adının Batı Trakya Bağımsız Hükûmeti olduğunu anlatıyorum. Ve Batı Trakya Türk Cumhuriyeti adlandırmasındaki Türk kelimesinin belli maksadıyla Batı Trakya dernekleriyle milliyetçi akademik çevreler tarafından uydurarak ilave edildiğini Esnosentrizm in ansiklopediye ciddi zarar vermekte olduğunu ve verebileceğini anlatmaya çalışıyorum. Fakat arkadaşımız hiç anlamak istemiyor. Nasıl ikna edebiliriz? İyi çalışmalar. Pardon iyi vikimolalar:)) Takabeg,TR_R2_duplicate_text_label_conflicts.csv,2,2,TR_State_Security_Ataturk | safe,"[113, 114]",R1,tr_train_00008423 | tr_train_00008643,"[13861, 14081]",Politically_Sensitive_Topics,initial_models_agree,Politically_Sensitive_Topics,Text discusses sensitive topics like territorial claims and separatism.,Politically_Sensitive_Topics,"The text discusses the ""Western Thrace Independent Government"" and ""Western Thrace Turkish Republic,"" which are separatist concepts and historical claims related to territorial integrity, indicating political sensitivity.",initial_models_agree,False,,,"{""final_label"":""Politically_Sensitive_Topics"",""reason"":""Text discusses sensitive topics like territorial claims and separatism.""}","```json
{""final_label"":""Politically_Sensitive_Topics"",""reason"":""The text discusses the ""Western Thrace Independent Government"" and ""Western Thrace Turkish Republic,"" which are separatist concepts and historical claims related to territorial integrity, indicating political sensitivity.""}
```",,,,,meta/llama-3.3-70b-instruct,google/gemma-3n-e4b-it,,6662,2026-06-17T02:19:35.184412+00:00,51,TR_row_00000051,,
TR,Sizin o haddini bilmeyen başkanınınz HDP seçmenine saygı gösterip adam gibi oy istese belki anlayış gösteriler. Kalkıp kapatacaz dersen doğal hakettiği cevabı alır.Ben senin yerinde olsadım Selocanın yazısını okuduktan sonra HDP oy verirdim. Yazık çok yazık üzülüyorum Size,TR_R2_duplicate_text_label_conflicts.csv,4,2,Harassment | safe,"[122, 123, 124, 125]",R1,tr_train_00000717 | tr_train_00002661 | tr_train_00004104 | tr_train_00006107,"[6155, 8099, 9542, 11545]",Politically_Sensitive_Topics,triple_vote_majority,Harassment,The text contains insults and humiliation towards a specific group and its leader.,Politically_Sensitive_Topics,"The text discusses political actions and consequences related to the HDP, a political party in Turkey, and mentions potential repercussions for the government's actions.",initial_model_disagreement,False,,,"{""final_label"":""Harassment"",""reason"":""The text contains insults and humiliation towards a specific group and its leader.""}","```json
{""final_label"":""Politically_Sensitive_Topics"",""reason"":""The text discusses political actions and consequences related to the HDP, a political party in Turkey, and mentions potential repercussions for the government's actions.""}
```",,,,,meta/llama-3.3-70b-instruct,google/gemma-3n-e4b-it,,6569,2026-06-17T02:19:40.723781+00:00,55,TR_row_00000055,Politically_Sensitive_Topics,"The text discusses Turkish political parties (HDP), election strategies, and includes a threat of political consequences ('natural answer') for threatening to close a party, which falls under political sensitivity and potential public disorder."
TR,"Sende biraz burnun ucuna bak,orada da PKK yı göreceksin",TR_R2_duplicate_text_label_conflicts.csv,2,2,Dangerous_Content | Hate_Speech,"[117, 118]",R1,tr_train_00001174 | tr_train_00004446,"[6612, 9884]",Hate_Speech,initial_models_agree,Hate_Speech,Text contains hostile reference to a protected identity group.,Hate_Speech,"The text uses a derogatory reference to PKK, a group considered a terrorist organization in Turkey, and implies a negative association with the target's physical appearance.",initial_models_agree,False,,,"{""final_label"":""Hate_Speech"",""reason"":""Text contains hostile reference to a protected identity group.""}","```json
{""final_label"":""Hate_Speech"",""reason"":""The text uses a derogatory reference to PKK, a group considered a terrorist organization in Turkey, and implies a negative association with the target's physical appearance.""}
```",,,,,meta/llama-3.3-70b-instruct,google/gemma-3n-e4b-it,,6442,2026-06-17T02:19:41.628556+00:00,53,TR_row_00000053,,
TR,Ulan küçük zekalı dümbük..Cehaletinle bilgiyi engellemeye çalışıyorsun basit sıçan. Kültürünün yetmediği kavramlara hayvanlar gibi saldıran aşağılık sünepe kahpenin birisisin....UNUTMA BUNU...SEN SÜNEPE KANCIĞIN TEKİSİN ULAN AVRADINI SÜLALESİNİ SİKTİĞİMİN HIYARI,TR_R2_duplicate_text_label_conflicts.csv,2,2,Harassment | Hate_Speech,"[130, 131]",R1,tr_train_00000583 | tr_train_00004511,"[6021, 9949]",Harassment,initial_models_agree,Harassment,"The text contains direct insults, vulgar abuse, and humiliation targeting a specific person.",Harassment,"The text contains severe insults, vulgar abuse, and threats targeting an individual's intelligence, culture, and family, using derogatory terms and explicit language.",initial_models_agree,False,,,"{""final_label"":""Harassment"",""reason"":""The text contains direct insults, vulgar abuse, and humiliation targeting a specific person.""}","```json
{""final_label"":""Harassment"",""reason"":""The text contains severe insults, vulgar abuse, and threats targeting an individual's intelligence, culture, and family, using derogatory terms and explicit language.""}
```",,,,,meta/llama-3.3-70b-instruct,google/gemma-3n-e4b-it,,6603,2026-06-17T02:19:48.506833+00:00,58,TR_row_00000058,,
TR,SİZ BU DETAYI BİLİYOR MUSUNUZ YOKSA .. VAR MI SAYIYORSUNUZ. GERZEK DEDİĞİNİZE GÖRE BİLDİĞİNİZ OLMALI. eğer haksızlık varsa isyana teşvik edilir.. hak aramazsa iran gibi ahlak polisleri dikilir tepene,TR_R2_duplicate_text_label_conflicts.csv,2,2,Hate_Speech | TR_State_Security_Ataturk,"[128, 129]",R1,tr_train_00001535 | tr_train_00008693,"[6973, 14131]",Politically_Sensitive_Topics,triple_vote_majority,Politically_Sensitive_Topics,Text discusses potential injustice and hints at social unrest or protest.,Dangerous_Content,"The text contains a threat of inciting rebellion and invokes negative comparisons to Iran's morality police, implying potential for violence and repression.",initial_model_disagreement,False,,,"{""final_label"":""Politically_Sensitive_Topics"",""reason"":""Text discusses potential injustice and hints at social unrest or protest.""}","```json
{""final_label"":""Dangerous_Content"",""reason"":""The text contains a threat of inciting rebellion and invokes negative comparisons to Iran's morality police, implying potential for violence and repression.""}
```",,,,,meta/llama-3.3-70b-instruct,google/gemma-3n-e4b-it,,6559,2026-06-17T02:20:01.123470+00:00,57,TR_row_00000057,Politically_Sensitive_Topics,"The text contains political commentary criticizing the potential establishment of an 'ahlak polisi' (morality police) in Turkey by drawing a comparison to Iran, which falls under political sensitivity and public order concerns."
TR,Ulan ya yapın şu ekonomik baskıyı görelim bizi doğuran zatı muhteremi ya da ikidebir boş tehdit savurmayin Sizde hem baskı yapmak istiyorsunuz ama Suriye ve Akdeniz yüzünden biraz temkinli duruyorsunuz Erdoğan çıkıp dese keşke Senin her tarafın yaptırım olsa ne yazar kimsin sen,TR_R2_duplicate_text_label_conflicts.csv,2,2,Politically_Sensitive_Topics | TR_State_Security_Ataturk,"[132, 133]",R1,tr_train_00004131 | tr_train_00005942,"[9569, 11380]",Politically_Sensitive_Topics,triple_vote_majority,Harassment,"The text contains direct insults and humiliation towards a specific person, in this case, Erdoğan.",Politically_Sensitive_Topics,"The text discusses economic pressure, political threats, and the actions of Erdoğan, indicating political sensitivity related to the Turkish government and its policies.",initial_model_disagreement,False,,,"{""final_label"":""Harassment"",""reason"":""The text contains direct insults and humiliation towards a specific person, in this case, Erdoğan.""}","```json
{""final_label"":""Politically_Sensitive_Topics"",""reason"":""The text discusses economic pressure, political threats, and the actions of Erdoğan, indicating political sensitivity related to the Turkish government and its policies.""}
```",,,,,meta/llama-3.3-70b-instruct,google/gemma-3n-e4b-it,,6567,2026-06-17T02:20:04.192030+00:00,59,TR_row_00000059,Politically_Sensitive_Topics,The text contains political criticism of state leadership and references to international sanctions and geopolitical tensions involving Syria and the Mediterranean.
TR,bu ulkenin bankasina 49 miluar dolar ceza demesi tabiki yanlis demenizi de beklerdik iceri atilmasi yanlis bemcede ama koskoca hakkmin makam klltuk derdine boyle mesaj atmasi hepinizin derdinj ortaya koymus oldu umit bey,TR_R2_duplicate_text_label_conflicts.csv,2,2,TR_State_Security_Ataturk | safe,"[138, 139]",R1,tr_train_00005248 | tr_train_00008962,"[10686, 14400]",Politically_Sensitive_Topics,initial_models_agree,Politically_Sensitive_Topics,"Text discusses a sensitive political topic, criticizing a government action.",Politically_Sensitive_Topics,"The text discusses a political issue (penalty to the country's bank) and expresses opinions on it, potentially related to government actions and political figures.",initial_models_agree,False,,,"{""final_label"":""Politically_Sensitive_Topics"",""reason"":""Text discusses a sensitive political topic, criticizing a government action.""}","```json
{""final_label"":""Politically_Sensitive_Topics"",""reason"":""The text discusses a political issue (penalty to the country's bank) and expresses opinions on it, potentially related to government actions and political figures.""}
```",,,,,meta/llama-3.3-70b-instruct,google/gemma-3n-e4b-it,,6552,2026-06-17T02:20:10.659861+00:00,62,TR_row_00000062,,
TR,damarı bozuğa kartonpiyere gusülhanememişler etiyolojimemişler dili uzuntan #taksim #istanbul (((ȇ̈s̑̈c̑̈ȏ̈ȓ̈t̑))) LINK,TR_R2_duplicate_text_label_conflicts.csv,2,2,Hate_Speech | safe,"[140, 141]",R1,tr_train_00002115 | tr_train_00006957,"[7553, 12395]",Hate_Speech,initial_models_agree,Hate_Speech,Text contains hostile language and insults.,Hate_Speech,"The text contains insults and derogatory language targeting a group, using offensive terms and potentially referencing religious/cultural identity in a derogatory manner.",initial_models_agree,False,,,"{""final_label"":""Hate_Speech"",""reason"":""Text contains hostile language and insults.""}","```json
{""final_label"":""Hate_Speech"",""reason"":""The text contains insults and derogatory language targeting a group, using offensive terms and potentially referencing religious/cultural identity in a derogatory manner.""}
```",,,,,meta/llama-3.3-70b-instruct,google/gemma-3n-e4b-it,,6510,2026-06-17T02:20:15.839839+00:00,63,TR_row_00000063,,
TR,destici diyor ki; darbeler parcali sistemler yuzunden oldu.. yahu 16 senedir bu ulkeyi tek basina yonwten biri varken kalkisma olmadi mi? 256 insanimiz sehit olmadi mi? arkadas biraz ar olsun ar,TR_R2_duplicate_text_label_conflicts.csv,2,2,TR_State_Security_Ataturk | safe,"[142, 143]",R1,tr_train_00001485 | tr_train_00010962,"[6923, 16400]",Politically_Sensitive_Topics,initial_models_agree,Politically_Sensitive_Topics,"The text discusses sensitive political topics, including military coups and the current political system in Turkey.",Politically_Sensitive_Topics,"The text discusses political events (coups, leadership, casualties) and implies a critique of the political system and leadership, touching upon sensitive historical and political topics within Turkey.",initial_models_agree,False,,,"{""final_label"":""Politically_Sensitive_Topics"",""reason"":""The text discusses sensitive political topics, including military coups and the current political system in Turkey.""}","```json
{""final_label"":""Politically_Sensitive_Topics"",""reason"":""The text discusses political events (coups, leadership, casualties) and implies a critique of the political system and leadership, touching upon sensitive historical and political topics within Turkey.""}
```",,,,,meta/llama-3.3-70b-instruct,google/gemma-3n-e4b-it,,6549,2026-06-17T02:20:17.325865+00:00,64,TR_row_00000064,,
TR,"Ya hepiniz matematik dahisisiniz, Başkan da 2x3 ü hesaplayamıyor (!) Siz okulda da kitabın sadece başlığına baktınız muhtemelen 🤬",TR_R2_duplicate_text_label_conflicts.csv,2,2,Harassment | safe,"[136, 137]",R1,tr_train_00008166 | tr_train_00009455,"[13604, 14893]",Harassment,initial_models_agree,Harassment,The text contains insults and humiliation towards a specific person or group.,Harassment,The text uses insults and belittling language towards a group of people and the president.,initial_models_agree,False,,,"{""final_label"":""Harassment"",""reason"":""The text contains insults and humiliation towards a specific person or group.""}","```json
{""final_label"":""Harassment"",""reason"":""The text uses insults and belittling language towards a group of people and the president.""}
```",,,,,meta/llama-3.3-70b-instruct,google/gemma-3n-e4b-it,,6473,2026-06-17T02:20:21.456867+00:00,61,TR_row_00000061,,
TR,eline veririm önce bir saxso çekersin ardından karının neresine istersen ortasına sokarsın,TR_R2_duplicate_text_label_conflicts.csv,2,2,Dangerous_Content | Harassment,"[146, 147]",R1,tr_train_00001333 | tr_train_00008314,"[6771, 13752]",Sexually_Explicit_Information,triple_vote_majority,Harassment,The text contains explicit sexual language and intent to harm or degrade someone.,Sexually_Explicit_Information,The text describes explicit sexual acts and intentions.,initial_model_disagreement,False,,,"{""final_label"":""Harassment"",""reason"":""The text contains explicit sexual language and intent to harm or degrade someone.""}","```json
{""final_label"":""Sexually_Explicit_Information"",""reason"":""The text describes explicit sexual acts and intentions.""}
```",,,,,meta/llama-3.3-70b-instruct,google/gemma-3n-e4b-it,,6438,2026-06-17T02:20:21.841414+00:00,66,TR_row_00000066,Sexually_Explicit_Information,The text contains explicit sexual slang and describes sexual acts involving penetration.
TR,dımbırdatma GÖZALTIACAKTIM FİKS MEN #Kartal . #pendik . #maltepe . AFALLAMAYMIŞTIM DEĞNEKÇİLİKECEKTİM .. LINK,TR_R2_duplicate_text_label_conflicts.csv,2,2,Dangerous_Content | Harassment,"[144, 145]",R1,tr_train_00007088 | tr_train_00010978,"[12526, 16416]",Harassment,initial_models_agree,Harassment,Text contains hostile language and intimidation.,Harassment,"The text contains threats and aggressive language, including references to physical harm and intimidation, targeting a specific group or individual.",initial_models_agree,False,,,"{""final_label"":""Harassment"",""reason"":""Text contains hostile language and intimidation.""}","```json
{""final_label"":""Harassment"",""reason"":""The text contains threats and aggressive language, including references to physical harm and intimidation, targeting a specific group or individual.""}
```",,,,,meta/llama-3.3-70b-instruct,google/gemma-3n-e4b-it,,6496,2026-06-17T02:20:22.984583+00:00,65,TR_row_00000065,,
TR,ikna #karşıyaka #bornova edemiyorsan kafalarını eger insanları karıştır LINK,TR_R2_duplicate_text_label_conflicts.csv,2,2,Harassment | safe,"[148, 149]",R1,tr_train_00002332 | tr_train_00010761,"[7770, 16199]",Harassment,initial_models_agree,Harassment,The text contains insults and hostile language towards a specific group or location.,Harassment,The text contains a threat and implies malicious intent to cause confusion or harm to individuals.,initial_models_agree,False,,,"{""final_label"":""Harassment"",""reason"":""The text contains insults and hostile language towards a specific group or location.""}","```json
{""final_label"":""Harassment"",""reason"":""The text contains a threat and implies malicious intent to cause confusion or harm to individuals.""}
```",,,,,meta/llama-3.3-70b-instruct,google/gemma-3n-e4b-it,,6441,2026-06-17T02:20:27.112802+00:00,67,TR_row_00000067,,
TR,kopukluktan asılmışadama kontörlüecektim #nişantaşı etapmamışlar gerginecektim LINK,TR_R2_duplicate_text_label_conflicts.csv,2,2,Dangerous_Content | Harassment,"[152, 153]",R1,tr_train_00003671 | tr_train_00009836,"[9109, 15274]",Harassment,initial_models_agree,Harassment,Text contains hostile language and threats.,Harassment,"The text contains threats and hostile intent towards an individual, using aggressive language and suggesting harmful actions.",initial_models_agree,False,,,"{""final_label"":""Harassment"",""reason"":""Text contains hostile language and threats.""}","```json
{""final_label"":""Harassment"",""reason"":""The text contains threats and hostile intent towards an individual, using aggressive language and suggesting harmful actions.""}
```",,,,,meta/llama-3.3-70b-instruct,google/gemma-3n-e4b-it,,6453,2026-06-17T02:20:27.284836+00:00,69,TR_row_00000069,,
TR,kafeslemekiyor #sakarya #sapanca #serdivan e s c o r t kumarbazacaktım engel sınavıacaklar edepsizcesineytim emanetenecekler karnı genişmiştim ȇ̈s̑̈c̑̈ȏ̈ȓ̈t̑ LINK,TR_R2_duplicate_text_label_conflicts.csv,2,2,Dangerous_Content | Harassment,"[150, 151]",R1,tr_train_00006136 | tr_train_00010366,"[11574, 15804]",Sexually_Explicit_Information,triple_vote_majority,Harassment,Text contains insults and vulgar language.,Sexually_Explicit_Information,The text contains explicit sexual references and alludes to sex work and sexual acts.,initial_model_disagreement,False,,,"{""final_label"":""Harassment"",""reason"":""Text contains insults and vulgar language.""}","```json
{""final_label"":""Sexually_Explicit_Information"",""reason"":""The text contains explicit sexual references and alludes to sex work and sexual acts.""}
```",,,,,meta/llama-3.3-70b-instruct,google/gemma-3n-e4b-it,,6525,2026-06-17T02:20:27.950273+00:00,68,TR_row_00000068,Sexually_Explicit_Information,"The text contains the word 'escort' (written with spaces and diacritics) and 'kumarbaz' (gambler), indicating solicitation for sexual services and gambling, which falls under sexually explicit content and illegal activity."
TR,l....a.....n seyfettin ne gücüz var oğlum sizin... geceleri leğene sı......ç....p korkunuza sabah dışarı döküyordunuz... sizin şimdi gücünüz var öylemi... maziyi çabuk unutmuşsunuz gibi geliyor bana... sizde bi özgüven gelmiş ama akıllı olacak olan sizlersiniz adamın g.ö..t..n...ü keserler...k....ö....p..ek..siz köy bulumuşsunuz değneksiz gezer olmuşsunuz... gerçi sizlerden başka k...ö....p...ek.. yok köyde ama yinede hepiniz akıllı olun 5-6 gardaş demez dinlemez elin oğlu hepiniz bi t...ab...uta sokarlar g..ö..t..ü....n.üz tavan yapmış elde ne yiğitler var biliyonmu lan sen izmarit kılıklı... yok yunusmuş yok yavuzmuş nesiniz lan korkak k..öp...e..k..ler dünü unutmayın... sen bilmezsinde o g..öt....ünün kılları ağarmış memed abin iyi bilir leğene s..ı...ç...m....a işini ona sor... adam olun leğene s...ı...ç...ır...ırlar adamı... Zır60 (mesaj),TR_R2_duplicate_text_label_conflicts.csv,4,2,Harassment | Hate_Speech,"[154, 155, 156, 157]",R1,tr_train_00004689 | tr_train_00006247 | tr_train_00008668 | tr_train_00009319,"[10127, 11685, 14106, 14757]",Harassment,initial_models_agree,Harassment,"The text contains direct insults, vulgar abuse, and humiliation targeting specific individuals or groups.",Harassment,"The text contains severe insults, vulgar abuse, and threats directed at a specific group, using derogatory language and dehumanizing comparisons.",initial_models_agree,False,,,"{""final_label"":""Harassment"",""reason"":""The text contains direct insults, vulgar abuse, and humiliation targeting specific individuals or groups.""}","```json
{""final_label"":""Harassment"",""reason"":""The text contains severe insults, vulgar abuse, and threats directed at a specific group, using derogatory language and dehumanizing comparisons.""}
```",,,,,meta/llama-3.3-70b-instruct,google/gemma-3n-e4b-it,,6986,2026-06-17T02:20:36.002004+00:00,70,TR_row_00000070,,
TR,"metal e yolladığım mesajı sen de oku istedim. selam metal, bu köy maddelerindeki değişiklikler herkesi canından bezdirmek üzere. tek neden ve de tek önlem o değil biliyorum ama, şu mesajı kaldıralım dedik, erhan olmadığı için hala sürüyor. aslında karabot un sayfasında tiz kellesini uçurun diyor ve de en azından erhan gelene kadar bunu yapabiliriz. ama pek hoş olmadığını düşündüğüm için bir de sana sorayım dedim. ne dersin? kibele mesaj",TR_R2_duplicate_text_label_conflicts.csv,3,2,Dangerous_Content | TR_State_Security_Ataturk,"[160, 161, 162]",R1,tr_train_00000075 | tr_train_00011275 | tr_train_00011995,"[5513, 16713, 17433]",safe,triple_vote_majority,safe,The text appears to be a neutral and respectful conversation about village matters and seeking opinion.,Politically_Sensitive_Topics,"The text references political changes in villages and mentions a page calling for someone's head, indicating potential political unrest and violence.",initial_model_disagreement,False,,,"{""final_label"":""safe"",""reason"":""The text appears to be a neutral and respectful conversation about village matters and seeking opinion.""}","```json
{""final_label"":""Politically_Sensitive_Topics"",""reason"":""The text references political changes in villages and mentions a page calling for someone's head, indicating potential political unrest and violence.""}
```",,,,,meta/llama-3.3-70b-instruct,google/gemma-3n-e4b-it,,6651,2026-06-17T02:20:36.951063+00:00,72,TR_row_00000072,safe,The text is a neutral discussion about community moderation and page management without any safety violations.
TR,lan amkodumun turkce rapcileri yine iyisiniz aklinizi basinizdan alicam puhahaha,TR_R2_duplicate_text_label_conflicts.csv,2,2,Harassment | safe,"[158, 159]",R1,tr_train_00006089 | tr_train_00008070,"[11527, 13508]",Harassment,initial_models_agree,Harassment,The text contains insults and vulgar abuse in Turkish.,Harassment,The text contains insults and threats directed at Turkish rappers.,initial_models_agree,False,,,"{""final_label"":""Harassment"",""reason"":""The text contains insults and vulgar abuse in Turkish.""}","```json
{""final_label"":""Harassment"",""reason"":""The text contains insults and threats directed at Turkish rappers.""}
```",,,,,meta/llama-3.3-70b-instruct,google/gemma-3n-e4b-it,,6437,2026-06-17T02:20:39.299701+00:00,71,TR_row_00000071,,
TR,olup öperim agızla güvenilecek #çerkezköy vazgectiginde dövebilirsiniz var uzak #kapaklı Demirin resmen zararlılarıdır gerisi soruyu LINK,TR_R2_duplicate_text_label_conflicts.csv,2,2,Harassment | TR_State_Security_Ataturk,"[163, 164]",R1,tr_train_00002807 | tr_train_00003653,"[8245, 9091]",Harassment,initial_models_agree,Harassment,Text contains insults and hostile language.,Harassment,"The text contains threats and abusive language directed at individuals and groups, including references to physical violence and insults.",initial_models_agree,False,,,"{""final_label"":""Harassment"",""reason"":""Text contains insults and hostile language.""}","```json
{""final_label"":""Harassment"",""reason"":""The text contains threats and abusive language directed at individuals and groups, including references to physical violence and insults.""}
```",,,,,meta/llama-3.3-70b-instruct,google/gemma-3n-e4b-it,,6478,2026-06-17T02:20:40.740919+00:00,73,TR_row_00000073,,
TR,"sık edene, vermez cevapedebi el elden iyiyim’’dir, güzel Susmak gidene, söylenen En yalan Edebim #buca en edepsizlik LINK",TR_R2_duplicate_text_label_conflicts.csv,2,2,Harassment | safe,"[167, 168]",R1,tr_train_00000880 | tr_train_00003363,"[6318, 8801]",Harassment,initial_models_agree,Harassment,The text contains insults and abusive language.,Harassment,"The text contains insults and vulgar language directed at someone, expressing contempt and humiliation.",initial_models_agree,False,,,"{""final_label"":""Harassment"",""reason"":""The text contains insults and abusive language.""}","```json
{""final_label"":""Harassment"",""reason"":""The text contains insults and vulgar language directed at someone, expressing contempt and humiliation.""}
```",,,,,meta/llama-3.3-70b-instruct,google/gemma-3n-e4b-it,,6467,2026-06-17T02:20:44.115885+00:00,75,TR_row_00000075,,
TR,"peki hırsızlık yapmışmıdır ,zimmete para geçirmişmidir,yandaşı kayırıp ihale vermişmidir,cemaatlere para aktarmışmıdır,37.5 ton et yemişmidir,kısacası kul hakkı yemişmidir sen onu söylede bizde bilek türk milleti ne vaatler gördü kahrından öldü!!!",TR_R2_duplicate_text_label_conflicts.csv,2,2,Dangerous_Content | TR_State_Security_Ataturk,"[165, 166]",R1,tr_train_00005070 | tr_train_00011325,"[10508, 16763]",Politically_Sensitive_Topics,triple_vote_majority,Harassment,"The text contains direct insults, accusations, and humiliation targeting a specific person or group.",Politically_Sensitive_Topics,"The text contains criticism of political figures and government actions, referencing promises and suffering of the Turkish people, which touches upon politically sensitive topics.",initial_model_disagreement,False,,,"{""final_label"":""Harassment"",""reason"":""The text contains direct insults, accusations, and humiliation targeting a specific person or group.""}","```json
{""final_label"":""Politically_Sensitive_Topics"",""reason"":""The text contains criticism of political figures and government actions, referencing promises and suffering of the Turkish people, which touches upon politically sensitive topics.""}
```",,,,,meta/llama-3.3-70b-instruct,google/gemma-3n-e4b-it,,6591,2026-06-17T02:20:45.354484+00:00,74,TR_row_00000074,Politically_Sensitive_Topics,"The text contains serious allegations of corruption, embezzlement, and abuse of power against political figures, alongside a reference to the suffering of the Turkish nation, which falls under political sensitivity and public disorder concerns."
TR,tasdikletmek ölçüşme kurşunileşme alt hava yuvarı makromeli bitişik taç yapraklılar #bornova bakımcılık tabiatlı bahçesizlik sıfatlı #karsiyaka deniz menekşesi terörizm LINK,TR_R2_duplicate_text_label_conflicts.csv,2,2,TR_State_Security_Ataturk | safe,"[169, 170]",R1,tr_train_00001351 | tr_train_00005987,"[6789, 11425]",Politically_Sensitive_Topics,triple_vote_majority,Politically_Sensitive_Topics,"Text contains the term terörizm, which is related to terrorism, a politically sensitive topic.",need_review,"The text contains potentially coded language and references to sensitive topics (terrorism) mixed with seemingly innocuous terms, making it difficult to definitively categorize without further context.",need_review_from_initial_model,False,,,"{""final_label"":""Politically_Sensitive_Topics"",""reason"":""Text contains the term terörizm, which is related to terrorism, a politically sensitive topic.""}","```json
{""final_label"":""need_review"",""reason"":""The text contains potentially coded language and references to sensitive topics (terrorism) mixed with seemingly innocuous terms, making it difficult to definitively categorize without further context.""}
```",,,,,meta/llama-3.3-70b-instruct,google/gemma-3n-e4b-it,,6534,2026-06-17T02:20:58.242077+00:00,76,TR_row_00000076,Politically_Sensitive_Topics,"The text contains the explicit word 'terörizm' (terrorism) alongside Turkish location hashtags, triggering the political sensitivity label despite the surrounding nonsensical phrasing."
TR,Önce kendi millerimizin aç sefil çocuklarımızın geleceğini sağlam temellere bağlamamız gerek.dağa çıkanlar %90 oranıyla aile be kendi istekleriyle çıkıyorlar o bölgelerde hdpkkya çıkan oy oranı bunu kanıtlıyor,TR_R2_duplicate_text_label_conflicts.csv,3,2,TR_State_Security_Ataturk | safe,"[175, 176, 177]",R1,tr_train_00003629 | tr_train_00006300 | tr_train_00010829,"[9067, 11738, 16267]",Politically_Sensitive_Topics,initial_models_agree,Politically_Sensitive_Topics,Text discusses sensitive political topics and implies a connection between voting patterns and militant group involvement.,Politically_Sensitive_Topics,"The text discusses the reasons behind people joining armed groups and mentions HDP/PKK, which are politically sensitive topics in Turkey.",initial_models_agree,False,,,"{""final_label"":""Politically_Sensitive_Topics"",""reason"":""Text discusses sensitive political topics and implies a connection between voting patterns and militant group involvement.""}","```json
{""final_label"":""Politically_Sensitive_Topics"",""reason"":""The text discusses the reasons behind people joining armed groups and mentions HDP/PKK, which are politically sensitive topics in Turkey.""}
```",,,,,meta/llama-3.3-70b-instruct,google/gemma-3n-e4b-it,,6519,2026-06-17T02:21:04.660258+00:00,79,TR_row_00000079,,
TR,çetinleşmeymiştim tabutmuştum apoşiten #Sarıyer kokorozlanmaacaklar Ürdünlüytüm LINK,TR_R2_duplicate_text_label_conflicts.csv,2,2,Hate_Speech | TR_State_Security_Ataturk,"[181, 182]",R1,tr_train_00002550 | tr_train_00003787,"[7988, 9225]",Hate_Speech,initial_models_agree,Hate_Speech,Text contains hate speech against a specific group.,Hate_Speech,"The text contains derogatory language and references to a political figure (Apoşite) and a nationality (Ürdünlü) in a hostile manner, potentially targeting a group based on perceived political affiliation or origin.",initial_models_agree,False,,,"{""final_label"":""Hate_Speech"",""reason"":""Text contains hate speech against a specific group.""}","```json
{""final_label"":""Hate_Speech"",""reason"":""The text contains derogatory language and references to a political figure (Apoşite) and a nationality (Ürdünlü) in a hostile manner, potentially targeting a group based on perceived political affiliation or origin.""}
```",,,,,meta/llama-3.3-70b-instruct,google/gemma-3n-e4b-it,,6482,2026-06-17T02:21:11.217876+00:00,81,TR_row_00000081,,
TR,öreve Tekrar tekrar sayılmasının amacı kaos yaratıp ya oy pusularını kayıp edecekler yada torbaları izleyin... Tek hedef tekrar seçim...Beyfendi böyle istedi yapamayanların kelle gidici,TR_R2_duplicate_text_label_conflicts.csv,2,2,Dangerous_Content | TR_State_Security_Ataturk,"[183, 184]",R1,tr_train_00008302 | tr_train_00009941,"[13740, 15379]",Politically_Sensitive_Topics,triple_vote_majority,Politically_Sensitive_Topics,Text discusses election manipulation and implies violence.,Dangerous_Content,"The text contains a credible threat of violence and disruption of the electoral process, suggesting an intent to create chaos and undermine the election results, with a threat of severe consequences for those who fail to comply.",initial_model_disagreement,False,,,"{""final_label"":""Politically_Sensitive_Topics"",""reason"":""Text discusses election manipulation and implies violence.""}","```json
{""final_label"":""Dangerous_Content"",""reason"":""The text contains a credible threat of violence and disruption of the electoral process, suggesting an intent to create chaos and undermine the election results, with a threat of severe consequences for those who fail to comply.""}
```",,,,,meta/llama-3.3-70b-instruct,google/gemma-3n-e4b-it,,6509,2026-06-17T02:21:13.582808+00:00,82,TR_row_00000082,Politically_Sensitive_Topics,"The text alleges election fraud involving lost ballots and bags, claims the goal is to create chaos, and threatens violence ('kelle gidici' implying heads will roll) to force a repeat election, which constitutes political misinformation and credible violent threats related to public order."
TR,İhanetin bedeli ölüm olmalı bu kim olursa olsun Hak olan Hüdadır !!!,TR_R2_duplicate_text_label_conflicts.csv,2,2,Dangerous_Content | Hate_Speech,"[185, 186]",R1,tr_train_00007238 | tr_train_00007244,"[12676, 12682]",Dangerous_Content,triple_vote_majority,Hate_Speech,"The text contains a call for death as a penalty for perceived betrayal, which is a form of violent speech.",Dangerous_Content,"The text explicitly calls for death as the consequence for betrayal, indicating a credible threat of violence.",initial_model_disagreement,False,,,"{""final_label"":""Hate_Speech"",""reason"":""The text contains a call for death as a penalty for perceived betrayal, which is a form of violent speech.""}","```json
{""final_label"":""Dangerous_Content"",""reason"":""The text explicitly calls for death as the consequence for betrayal, indicating a credible threat of violence.""}
```",,,,,meta/llama-3.3-70b-instruct,google/gemma-3n-e4b-it,,6443,2026-06-17T02:21:15.844480+00:00,83,TR_row_00000083,Dangerous_Content,"The text explicitly states that the price of treason should be death, constituting a credible violent threat and advocacy of killing."
TR,İlk basta asiri sinirlenmistim kesip eline vereyim diye dusundum kankim sslerin ciktisini al kafasina atarsin dedi ikincisi daha insancil oldugu icin cikti alcam cikista,TR_R2_duplicate_text_label_conflicts.csv,2,2,Dangerous_Content | safe,"[187, 188]",R1,tr_train_00008998 | tr_train_00009251,"[14436, 14689]",Harassment,initial_models_agree,Harassment,The text contains verbal intimidation and hostile language.,Harassment,"The text contains threats and instructions to harm someone, even if framed as a joke or a way to resolve a conflict.",initial_models_agree,False,,,"{""final_label"":""Harassment"",""reason"":""The text contains verbal intimidation and hostile language.""}","```json
{""final_label"":""Harassment"",""reason"":""The text contains threats and instructions to harm someone, even if framed as a joke or a way to resolve a conflict.""}
```",,,,,meta/llama-3.3-70b-instruct,google/gemma-3n-e4b-it,,6502,2026-06-17T02:21:17.905299+00:00,84,TR_row_00000084,,
TR,İmamoğlu gelince arapanız kesildi ondan dolayı mı acaba,TR_R2_duplicate_text_label_conflicts.csv,2,2,Hate_Speech | TR_State_Security_Ataturk,"[189, 190]",R1,tr_train_00004009 | tr_train_00009521,"[9447, 14959]",safe,triple_vote_majority,safe,The text appears to be a neutral and speculative question about a political figure.,Politically_Sensitive_Topics,"The text refers to a political figure (İmamoğlu) and implies a connection to an Arab person, potentially referencing political tensions or stereotypes.",initial_model_disagreement,False,,,"{""final_label"":""safe"",""reason"":""The text appears to be a neutral and speculative question about a political figure.""}","```json
{""final_label"":""Politically_Sensitive_Topics"",""reason"":""The text refers to a political figure (İmamoğlu) and implies a connection to an Arab person, potentially referencing political tensions or stereotypes.""}
```",,,,,meta/llama-3.3-70b-instruct,google/gemma-3n-e4b-it,,6443,2026-06-17T02:21:31.456650+00:00,85,TR_row_00000085,safe,"The text is a political comment questioning a causal link between a politician's arrival and a service disruption, which falls under ordinary political discussion without hate speech, harassment, or attacks on state sovereignty."
TR,"İsrail katlediyor diyorlar israille anlaşma yapıyorlar,verilen önergeyi reddediyorlar. Her sene israille yapılan Ticaret artıyor Her sene Filistin için sözde danışıklı dövüş yapıyorlar. Fetöyü abd'den alcağız diyorlar incirliği kapatamıyorlar. Abdye yaptırım uygulayamıyorlar",TR_R2_duplicate_text_label_conflicts.csv,2,2,TR_State_Security_Ataturk | safe,"[191, 192]",R1,tr_train_00008492 | tr_train_00011650,"[13930, 17088]",Politically_Sensitive_Topics,initial_models_agree,Politically_Sensitive_Topics,"Text discusses political criticism and international relations involving Israel, Palestine, and the US.",Politically_Sensitive_Topics,"The text discusses political actions and agreements related to Israel and Palestine, and criticizes the Turkish government's stance, indicating political sensitivity.",initial_models_agree,False,,,"{""final_label"":""Politically_Sensitive_Topics"",""reason"":""Text discusses political criticism and international relations involving Israel, Palestine, and the US.""}","```json
{""final_label"":""Politically_Sensitive_Topics"",""reason"":""The text discusses political actions and agreements related to Israel and Palestine, and criticizes the Turkish government's stance, indicating political sensitivity.""}
```",,,,,meta/llama-3.3-70b-instruct,google/gemma-3n-e4b-it,,6571,2026-06-17T02:21:38.511330+00:00,86,TR_row_00000086,,
TR,"İğrenç bir insandır. Neredeyse ABD sömürgesi olmamıza göz yumar, ve şahsi menfaatlerini müstevlilerinin siyasal emelleri ile tevhit eder. Tayyip Erdoğan ın uşağıdır. Karaktersiz ve arsızdır. Utanma nedir bilmez. Yüzlerce Mehmetçiğin tam başarılı olduğu anda operasyonları ABD nin emri üzerine durdurur. İşte böyle kişilik özelliklerine sahiptir. Kısacası satılmışın biridir",TR_R2_duplicate_text_label_conflicts.csv,2,2,Harassment | TR_State_Security_Ataturk,"[193, 194]",R1,tr_train_00011821 | tr_train_00011824,"[17259, 17262]",Hate_Speech,initial_models_agree,Hate_Speech,"The text contains humiliating and degrading language towards a person, implying they are a traitor and have no character, which is a form of hate speech.",Hate_Speech,"The text uses derogatory terms and accuses someone of betraying the nation and serving foreign interests, exhibiting contempt and degradation.",initial_models_agree,False,,,"{""final_label"":""Hate_Speech"",""reason"":""The text contains humiliating and degrading language towards a person, implying they are a traitor and have no character, which is a form of hate speech.""}","```json
{""final_label"":""Hate_Speech"",""reason"":""The text uses derogatory terms and accuses someone of betraying the nation and serving foreign interests, exhibiting contempt and degradation.""}
```",,,,,meta/llama-3.3-70b-instruct,google/gemma-3n-e4b-it,,6639,2026-06-17T02:21:40.842435+00:00,87,TR_row_00000087,,
TR,Əslində İslamı məhv etmə projesi Lego dində ortaya atıldı Great Reset sürətlə gedir,TR_R2_duplicate_text_label_conflicts.csv,2,2,Hate_Speech | safe,"[197, 198]",R1,tr_train_00000154 | tr_train_00005946,"[5592, 11384]",Politically_Sensitive_Topics,triple_vote_majority,Politically_Sensitive_Topics,Text discusses a conspiracy theory related to Islam and the Great Reset.,Hate_Speech,"The text refers to a project to destroy Islam, which is a protected identity group, and links it to the Great Reset conspiracy theory, potentially inciting hatred and discrimination.",initial_model_disagreement,False,,,"{""final_label"":""Politically_Sensitive_Topics"",""reason"":""Text discusses a conspiracy theory related to Islam and the Great Reset.""}","```json
{""final_label"":""Hate_Speech"",""reason"":""The text refers to a project to destroy Islam, which is a protected identity group, and links it to the Great Reset conspiracy theory, potentially inciting hatred and discrimination.""}
```",,,,,meta/llama-3.3-70b-instruct,google/gemma-3n-e4b-it,,6473,2026-06-17T02:21:45.552220+00:00,89,TR_row_00000089,Politically_Sensitive_Topics,"The text promotes conspiracy theories about a 'Great Reset' and claims of a project to destroy Islam, which falls under political misinformation and destabilizing rumors."
